Using pre-set license
Built from '6000.0/staging' branch; Version is '6000.0.56f1 (9c7b5e468860) revision 10255198'; Using compiler version '193933523'; Build Type 'Release'
OS: 'Windows 11  (10.0.26100) 64bit Professional' Language: 'en' Physical Memory: 32537 MB
BatchMode: 1, IsHumanControllingUs: 0, StartBugReporterOnCrash: 0, Is64bit: 1
Date: 2025-11-17T19:57:08Z

COMMAND LINE ARGUMENTS:
W:\Unity Editor\6000.0.56f1\Editor\Unity.exe
-adb2
-batchMode
-noUpm
-name
AssetImportWorker1
-projectPath
W:/unity files/Up-and-Up/up_and_up
-logFile
Logs/AssetImportWorker1.log
-srvPort
49783
-job-worker-count
11
-background-job-worker-count
8
-gc-helper-count
1
-name
AssetImport
Successfully changed project path to: W:/unity files/Up-and-Up/up_and_up
W:/unity files/Up-and-Up/up_and_up
[UnityMemory] Configuration Parameters - Can be set up in boot.config
    "memorysetup-bucket-allocator-granularity=16"
    "memorysetup-bucket-allocator-bucket-count=8"
    "memorysetup-bucket-allocator-block-size=33554432"
    "memorysetup-bucket-allocator-block-count=8"
    "memorysetup-main-allocator-block-size=16777216"
    "memorysetup-thread-allocator-block-size=16777216"
    "memorysetup-gfx-main-allocator-block-size=16777216"
    "memorysetup-gfx-thread-allocator-block-size=16777216"
    "memorysetup-cache-allocator-block-size=4194304"
    "memorysetup-typetree-allocator-block-size=2097152"
    "memorysetup-profiler-bucket-allocator-granularity=16"
    "memorysetup-profiler-bucket-allocator-bucket-count=8"
    "memorysetup-profiler-bucket-allocator-block-size=33554432"
    "memorysetup-profiler-bucket-allocator-block-count=8"
    "memorysetup-profiler-allocator-block-size=16777216"
    "memorysetup-profiler-editor-allocator-block-size=1048576"
    "memorysetup-temp-allocator-size-main=16777216"
    "memorysetup-job-temp-allocator-block-size=2097152"
    "memorysetup-job-temp-allocator-block-size-background=1048576"
    "memorysetup-job-temp-allocator-reduction-small-platforms=262144"
    "memorysetup-allocator-temp-initial-block-size-main=262144"
    "memorysetup-allocator-temp-initial-block-size-worker=262144"
    "memorysetup-temp-allocator-size-background-worker=32768"
    "memorysetup-temp-allocator-size-job-worker=262144"
    "memorysetup-temp-allocator-size-preload-manager=33554432"
    "memorysetup-temp-allocator-size-nav-mesh-worker=65536"
    "memorysetup-temp-allocator-size-audio-worker=65536"
    "memorysetup-temp-allocator-size-cloud-worker=32768"
    "memorysetup-temp-allocator-size-gi-baking-worker=262144"
    "memorysetup-temp-allocator-size-gi-baking-worker=262144"
    "memorysetup-temp-allocator-size-gi-baking-worker=262144"
    "memorysetup-temp-allocator-size-gi-baking-worker=262144"
    "memorysetup-temp-allocator-size-gi-baking-worker=262144"
    "memorysetup-temp-allocator-size-gfx=262144"
Player connection [20580]  Target information:

Player connection [20580]  * "[IP] 169.254.83.107 [Port] 0 [Flags] 2 [Guid] 1987062469 [EditorId] 1987062469 [Version] 1048832 [Id] WindowsEditor(7,Boofbox) [Debug] 1 [PackageName] WindowsEditor [ProjectName] Editor" 

Player connection [20580]  * "[IP] 10.80.22.114 [Port] 0 [Flags] 2 [Guid] 1987062469 [EditorId] 1987062469 [Version] 1048832 [Id] WindowsEditor(7,Boofbox) [Debug] 1 [PackageName] WindowsEditor [ProjectName] Editor" 

Player connection [20580] Host joined multi-casting on [225.0.0.222:54997]...
Player connection [20580] Host joined alternative multi-casting on [225.0.0.222:34997]...
JobSystem: Creating JobQueue using job-worker-count value 11
Input System module state changed to: Initialized.
[Physics::Module] Initialized fallback backend.
[Physics::Module] Id: 0xdecafbad
Library Redirect Path: Library/
[Physics::Module] Selected backend.
[Physics::Module] Name: PhysX
[Physics::Module] Id: 0xf2b8ea05
[Physics::Module] SDK Version: 4.1.2
[Physics::Module] Integration Version: 1.0.0
[Physics::Module] Threading Mode: Multi-Threaded
Refreshing native plugins compatible for Editor in 1.31 ms, found 4 plugins.
Preloading 0 native plugins for Editor in 0.00 ms.
Initialize engine version: 6000.0.56f1 (9c7b5e468860)
[Subsystems] Discovering subsystems at path W:/Unity Editor/6000.0.56f1/Editor/Data/Resources/UnitySubsystems
[Subsystems] Discovering subsystems at path W:/unity files/Up-and-Up/up_and_up/Assets
GfxDevice: creating device client; kGfxThreadingModeNonThreaded
Direct3D:
    Version:  Direct3D 11.0 [level 11.1]
    Renderer: NVIDIA GeForce RTX 4070 (ID=0x2786)
    Vendor:   NVIDIA
    VRAM:     12012 MB
    Driver:   32.0.15.8129
Initialize mono
Mono path[0] = 'W:/Unity Editor/6000.0.56f1/Editor/Data/Managed'
Mono path[1] = 'W:/Unity Editor/6000.0.56f1/Editor/Data/MonoBleedingEdge/lib/mono/unityjit-win32'
Mono config path = 'W:/Unity Editor/6000.0.56f1/Editor/Data/MonoBleedingEdge/etc'
Using monoOptions --debugger-agent=transport=dt_socket,embedding=1,server=y,suspend=n,address=127.0.0.1:56396
Begin MonoManager ReloadAssembly
Registering precompiled unity dll's ...
Register platform support module: W:/Unity Editor/6000.0.56f1/Editor/Data/PlaybackEngines/WebGLSupport/UnityEditor.WebGL.Extensions.dll
Register platform support module: W:/Unity Editor/6000.0.56f1/Editor/Data/PlaybackEngines/WindowsStandaloneSupport/UnityEditor.WindowsStandalone.Extensions.dll
Register platform support module: W:/Unity Editor/6000.0.56f1/Editor/Data/PlaybackEngines/MetroSupport/UnityEditor.UWP.Extensions.dll
Registered in 0.001689 seconds.
- Loaded All Assemblies, in  0.230 seconds
Native extension for UWP target not found
Native extension for WindowsStandalone target not found
Native extension for WebGL target not found
Mono: successfully reloaded assembly
- Finished resetting the current domain, in  0.199 seconds
Domain Reload Profiling: 429ms
	BeginReloadAssembly (76ms)
		ExecutionOrderSort (0ms)
		DisableScriptedObjects (0ms)
		BackupInstance (0ms)
		ReleaseScriptingObjects (0ms)
		CreateAndSetChildDomain (0ms)
	RebuildCommonClasses (22ms)
	RebuildNativeTypeToScriptingClass (7ms)
	initialDomainReloadingComplete (28ms)
	LoadAllAssembliesAndSetupDomain (97ms)
		LoadAssemblies (76ms)
		RebuildTransferFunctionScriptingTraits (0ms)
		AnalyzeDomain (95ms)
			TypeCache.Refresh (94ms)
				TypeCache.ScanAssembly (86ms)
			BuildScriptInfoCaches (0ms)
			ResolveRequiredComponents (0ms)
	FinalizeReload (199ms)
		ReleaseScriptCaches (0ms)
		RebuildScriptCaches (0ms)
		SetupLoadedEditorAssemblies (173ms)
			LogAssemblyErrors (0ms)
			InitializePlatformSupportModulesInManaged (14ms)
			SetLoadedEditorAssemblies (3ms)
			BeforeProcessingInitializeOnLoad (36ms)
			ProcessInitializeOnLoadAttributes (91ms)
			ProcessInitializeOnLoadMethodAttributes (29ms)
			AfterProcessingInitializeOnLoad (0ms)
			EditorAssembliesLoaded (0ms)
		ExecutionOrderSort2 (0ms)
		AwakeInstancesAfterBackupRestoration (0ms)
========================================================================
Worker process is ready to serve import requests
Import Worker Mode flag is 0x00
Begin MonoManager ReloadAssembly
- Loaded All Assemblies, in  0.468 seconds
Refreshing native plugins compatible for Editor in 0.67 ms, found 4 plugins.
Native extension for UWP target not found
Native extension for WindowsStandalone target not found
Native extension for WebGL target not found
Package Manager log level set to [2]
[Package Manager] Failed to launch server process. Reason: Unity was launched with the -noUpm command-line argument
[Package Manager] Unable to send message (not connected to server process).
[Package Manager] Cannot connect to Unity Package Manager local server
Mono: successfully reloaded assembly
- Finished resetting the current domain, in  0.451 seconds
Domain Reload Profiling: 918ms
	BeginReloadAssembly (102ms)
		ExecutionOrderSort (0ms)
		DisableScriptedObjects (4ms)
		BackupInstance (0ms)
		ReleaseScriptingObjects (0ms)
		CreateAndSetChildDomain (17ms)
	RebuildCommonClasses (21ms)
	RebuildNativeTypeToScriptingClass (7ms)
	initialDomainReloadingComplete (22ms)
	LoadAllAssembliesAndSetupDomain (315ms)
		LoadAssemblies (202ms)
		RebuildTransferFunctionScriptingTraits (0ms)
		AnalyzeDomain (168ms)
			TypeCache.Refresh (121ms)
				TypeCache.ScanAssembly (111ms)
			BuildScriptInfoCaches (38ms)
			ResolveRequiredComponents (7ms)
	FinalizeReload (451ms)
		ReleaseScriptCaches (0ms)
		RebuildScriptCaches (0ms)
		SetupLoadedEditorAssemblies (371ms)
			LogAssemblyErrors (0ms)
			InitializePlatformSupportModulesInManaged (2ms)
			SetLoadedEditorAssemblies (2ms)
			BeforeProcessingInitializeOnLoad (68ms)
			ProcessInitializeOnLoadAttributes (233ms)
			ProcessInitializeOnLoadMethodAttributes (65ms)
			AfterProcessingInitializeOnLoad (1ms)
			EditorAssembliesLoaded (0ms)
		ExecutionOrderSort2 (0ms)
		AwakeInstancesAfterBackupRestoration (4ms)
Launched and connected shader compiler UnityShaderCompiler.exe after 0.02 seconds
Refreshing native plugins compatible for Editor in 0.73 ms, found 4 plugins.
Preloading 0 native plugins for Editor in 0.00 ms.
Unloading 13 Unused Serialized files (Serialized files now loaded: 0)
Unloading 6741 unused Assets / (4.0 MB). Loaded Objects now: 7462.
Memory consumption went from 146.1 MB to 142.1 MB.
Total: 4.874600 ms (FindLiveObjects: 0.370700 ms CreateObjectMapping: 0.218000 ms MarkObjects: 3.042500 ms  DeleteObjects: 1.242400 ms)

========================================================================
Received Import Request.
  Time since last request: 15413.645987 seconds.
  path: Assets/Scripts/Timer.cs
  artifactKey: Guid(3a0a8dc1ad5927045b41832cdaf7d3f2) Importer(815301076,1909f56bfc062723c751e8b465ee728b)
Start importing Assets/Scripts/Timer.cs using Guid(3a0a8dc1ad5927045b41832cdaf7d3f2) Importer(815301076,1909f56bfc062723c751e8b465ee728b) (PreviewImporter) -> (artifact id: '199505d92db8fe4e8f853c647f10ad98') in 0.0024196 seconds
Number of updated asset objects reloaded before import = 0Number of asset objects unloaded after import = 0

========================================================================
Received Prepare
Begin MonoManager ReloadAssembly
- Loaded All Assemblies, in  0.428 seconds
Refreshing native plugins compatible for Editor in 0.70 ms, found 4 plugins.
Native extension for UWP target not found
Native extension for WindowsStandalone target not found
Native extension for WebGL target not found
[Package Manager] Failed to launch server process. Reason: Unity was launched with the -noUpm command-line argument
[Package Manager] Unable to send message (not connected to server process).
[Package Manager] Cannot connect to Unity Package Manager local server
Mono: successfully reloaded assembly
- Finished resetting the current domain, in  0.443 seconds
Domain Reload Profiling: 874ms
	BeginReloadAssembly (129ms)
		ExecutionOrderSort (0ms)
		DisableScriptedObjects (8ms)
		BackupInstance (0ms)
		ReleaseScriptingObjects (0ms)
		CreateAndSetChildDomain (29ms)
	RebuildCommonClasses (22ms)
	RebuildNativeTypeToScriptingClass (8ms)
	initialDomainReloadingComplete (15ms)
	LoadAllAssembliesAndSetupDomain (256ms)
		LoadAssemblies (191ms)
		RebuildTransferFunctionScriptingTraits (0ms)
		AnalyzeDomain (120ms)
			TypeCache.Refresh (5ms)
				TypeCache.ScanAssembly (0ms)
			BuildScriptInfoCaches (105ms)
			ResolveRequiredComponents (7ms)
	FinalizeReload (443ms)
		ReleaseScriptCaches (0ms)
		RebuildScriptCaches (0ms)
		SetupLoadedEditorAssemblies (352ms)
			LogAssemblyErrors (0ms)
			InitializePlatformSupportModulesInManaged (2ms)
			SetLoadedEditorAssemblies (2ms)
			BeforeProcessingInitializeOnLoad (67ms)
			ProcessInitializeOnLoadAttributes (240ms)
			ProcessInitializeOnLoadMethodAttributes (40ms)
			AfterProcessingInitializeOnLoad (1ms)
			EditorAssembliesLoaded (0ms)
		ExecutionOrderSort2 (0ms)
		AwakeInstancesAfterBackupRestoration (9ms)
Refreshing native plugins compatible for Editor in 0.77 ms, found 4 plugins.
Preloading 0 native plugins for Editor in 0.00 ms.
Unloading 13 Unused Serialized files (Serialized files now loaded: 0)
Unloading 6739 unused Assets / (3.8 MB). Loaded Objects now: 7468.
Memory consumption went from 147.6 MB to 143.9 MB.
Total: 4.839700 ms (FindLiveObjects: 0.390000 ms CreateObjectMapping: 0.231000 ms MarkObjects: 3.037600 ms  DeleteObjects: 1.180500 ms)

Prepare: number of updated asset objects reloaded= 0
========================================================================
Received Prepare
Refreshing native plugins compatible for Editor in 1.68 ms, found 4 plugins.
Preloading 0 native plugins for Editor in 0.00 ms.
Unloading 13 Unused Serialized files (Serialized files now loaded: 0)
Unloading 6728 unused Assets / (3.9 MB). Loaded Objects now: 7468.
Memory consumption went from 147.8 MB to 143.9 MB.
Total: 10.928600 ms (FindLiveObjects: 0.847900 ms CreateObjectMapping: 0.574600 ms MarkObjects: 7.256800 ms  DeleteObjects: 2.235500 ms)

Prepare: number of updated asset objects reloaded= 0
========================================================================
Received Prepare
Begin MonoManager ReloadAssembly
- Loaded All Assemblies, in  0.794 seconds
Refreshing native plugins compatible for Editor in 1.78 ms, found 4 plugins.
Native extension for UWP target not found
Native extension for WindowsStandalone target not found
Native extension for WebGL target not found
[Package Manager] Failed to launch server process. Reason: Unity was launched with the -noUpm command-line argument
[Package Manager] Unable to send message (not connected to server process).
[Package Manager] Cannot connect to Unity Package Manager local server
Mono: successfully reloaded assembly
- Finished resetting the current domain, in  0.779 seconds
Domain Reload Profiling: 1575ms
	BeginReloadAssembly (231ms)
		ExecutionOrderSort (0ms)
		DisableScriptedObjects (16ms)
		BackupInstance (0ms)
		ReleaseScriptingObjects (0ms)
		CreateAndSetChildDomain (53ms)
	RebuildCommonClasses (37ms)
	RebuildNativeTypeToScriptingClass (15ms)
	initialDomainReloadingComplete (27ms)
	LoadAllAssembliesAndSetupDomain (487ms)
		LoadAssemblies (365ms)
		RebuildTransferFunctionScriptingTraits (0ms)
		AnalyzeDomain (225ms)
			TypeCache.Refresh (14ms)
				TypeCache.ScanAssembly (1ms)
			BuildScriptInfoCaches (193ms)
			ResolveRequiredComponents (13ms)
	FinalizeReload (779ms)
		ReleaseScriptCaches (0ms)
		RebuildScriptCaches (0ms)
		SetupLoadedEditorAssemblies (606ms)
			LogAssemblyErrors (0ms)
			InitializePlatformSupportModulesInManaged (3ms)
			SetLoadedEditorAssemblies (3ms)
			BeforeProcessingInitializeOnLoad (150ms)
			ProcessInitializeOnLoadAttributes (389ms)
			ProcessInitializeOnLoadMethodAttributes (58ms)
			AfterProcessingInitializeOnLoad (2ms)
			EditorAssembliesLoaded (0ms)
		ExecutionOrderSort2 (0ms)
		AwakeInstancesAfterBackupRestoration (15ms)
Refreshing native plugins compatible for Editor in 1.45 ms, found 4 plugins.
Preloading 0 native plugins for Editor in 0.00 ms.
Unloading 13 Unused Serialized files (Serialized files now loaded: 0)
Unloading 6739 unused Assets / (3.8 MB). Loaded Objects now: 7471.
Memory consumption went from 147.7 MB to 143.9 MB.
Total: 7.831600 ms (FindLiveObjects: 0.727200 ms CreateObjectMapping: 0.367400 ms MarkObjects: 4.826500 ms  DeleteObjects: 1.909500 ms)

Prepare: number of updated asset objects reloaded= 0
========================================================================
Received Prepare
Begin MonoManager ReloadAssembly
- Loaded All Assemblies, in  0.428 seconds
Refreshing native plugins compatible for Editor in 0.87 ms, found 4 plugins.
Native extension for UWP target not found
Native extension for WindowsStandalone target not found
Native extension for WebGL target not found
[Package Manager] Failed to launch server process. Reason: Unity was launched with the -noUpm command-line argument
[Package Manager] Unable to send message (not connected to server process).
[Package Manager] Cannot connect to Unity Package Manager local server
Mono: successfully reloaded assembly
- Finished resetting the current domain, in  0.431 seconds
Domain Reload Profiling: 861ms
	BeginReloadAssembly (126ms)
		ExecutionOrderSort (0ms)
		DisableScriptedObjects (9ms)
		BackupInstance (0ms)
		ReleaseScriptingObjects (0ms)
		CreateAndSetChildDomain (26ms)
	RebuildCommonClasses (21ms)
	RebuildNativeTypeToScriptingClass (9ms)
	initialDomainReloadingComplete (15ms)
	LoadAllAssembliesAndSetupDomain (259ms)
		LoadAssemblies (191ms)
		RebuildTransferFunctionScriptingTraits (0ms)
		AnalyzeDomain (124ms)
			TypeCache.Refresh (5ms)
				TypeCache.ScanAssembly (0ms)
			BuildScriptInfoCaches (108ms)
			ResolveRequiredComponents (7ms)
	FinalizeReload (431ms)
		ReleaseScriptCaches (0ms)
		RebuildScriptCaches (0ms)
		SetupLoadedEditorAssemblies (337ms)
			LogAssemblyErrors (0ms)
			InitializePlatformSupportModulesInManaged (2ms)
			SetLoadedEditorAssemblies (2ms)
			BeforeProcessingInitializeOnLoad (67ms)
			ProcessInitializeOnLoadAttributes (229ms)
			ProcessInitializeOnLoadMethodAttributes (36ms)
			AfterProcessingInitializeOnLoad (1ms)
			EditorAssembliesLoaded (0ms)
		ExecutionOrderSort2 (0ms)
		AwakeInstancesAfterBackupRestoration (10ms)
Refreshing native plugins compatible for Editor in 1.29 ms, found 4 plugins.
Preloading 0 native plugins for Editor in 0.00 ms.
Unloading 13 Unused Serialized files (Serialized files now loaded: 0)
Unloading 6739 unused Assets / (3.8 MB). Loaded Objects now: 7474.
Memory consumption went from 149.7 MB to 145.8 MB.
Total: 4.999700 ms (FindLiveObjects: 0.469300 ms CreateObjectMapping: 0.224800 ms MarkObjects: 3.103700 ms  DeleteObjects: 1.201200 ms)

Prepare: number of updated asset objects reloaded= 0
========================================================================
Received Prepare
Begin MonoManager ReloadAssembly
- Loaded All Assemblies, in  0.436 seconds
Refreshing native plugins compatible for Editor in 0.71 ms, found 4 plugins.
Native extension for UWP target not found
Native extension for WindowsStandalone target not found
Native extension for WebGL target not found
[Package Manager] Failed to launch server process. Reason: Unity was launched with the -noUpm command-line argument
[Package Manager] Unable to send message (not connected to server process).
[Package Manager] Cannot connect to Unity Package Manager local server
Mono: successfully reloaded assembly
- Finished resetting the current domain, in  0.463 seconds
Domain Reload Profiling: 901ms
	BeginReloadAssembly (127ms)
		ExecutionOrderSort (0ms)
		DisableScriptedObjects (8ms)
		BackupInstance (0ms)
		ReleaseScriptingObjects (0ms)
		CreateAndSetChildDomain (27ms)
	RebuildCommonClasses (21ms)
	RebuildNativeTypeToScriptingClass (8ms)
	initialDomainReloadingComplete (15ms)
	LoadAllAssembliesAndSetupDomain (267ms)
		LoadAssemblies (193ms)
		RebuildTransferFunctionScriptingTraits (0ms)
		AnalyzeDomain (130ms)
			TypeCache.Refresh (5ms)
				TypeCache.ScanAssembly (0ms)
			BuildScriptInfoCaches (115ms)
			ResolveRequiredComponents (7ms)
	FinalizeReload (463ms)
		ReleaseScriptCaches (0ms)
		RebuildScriptCaches (0ms)
		SetupLoadedEditorAssemblies (373ms)
			LogAssemblyErrors (0ms)
			InitializePlatformSupportModulesInManaged (2ms)
			SetLoadedEditorAssemblies (2ms)
			BeforeProcessingInitializeOnLoad (66ms)
			ProcessInitializeOnLoadAttributes (257ms)
			ProcessInitializeOnLoadMethodAttributes (45ms)
			AfterProcessingInitializeOnLoad (1ms)
			EditorAssembliesLoaded (0ms)
		ExecutionOrderSort2 (0ms)
		AwakeInstancesAfterBackupRestoration (10ms)
Refreshing native plugins compatible for Editor in 0.83 ms, found 4 plugins.
Preloading 0 native plugins for Editor in 0.00 ms.
Unloading 13 Unused Serialized files (Serialized files now loaded: 0)
Unloading 6739 unused Assets / (4.0 MB). Loaded Objects now: 7477.
Memory consumption went from 149.7 MB to 145.7 MB.
Total: 4.907600 ms (FindLiveObjects: 0.394500 ms CreateObjectMapping: 0.232300 ms MarkObjects: 2.873200 ms  DeleteObjects: 1.406800 ms)

Prepare: number of updated asset objects reloaded= 0
========================================================================
Received Import Request.
  Time since last request: 189.374619 seconds.
  path: Assets/Hazard Art/UpUp_Bird.png
  artifactKey: Guid(e6fdd36bfd644ed44a4898fe140eca87) Importer(815301076,1909f56bfc062723c751e8b465ee728b)
Start importing Assets/Hazard Art/UpUp_Bird.png using Guid(e6fdd36bfd644ed44a4898fe140eca87) Importer(815301076,1909f56bfc062723c751e8b465ee728b) (PreviewImporter) -> (artifact id: '1d233451c53a34b2f1571be26f26b533') in 0.0920936 seconds
Number of updated asset objects reloaded before import = 0Number of asset objects unloaded after import = 3

========================================================================
Received Prepare
Refreshing native plugins compatible for Editor in 1.66 ms, found 4 plugins.
Preloading 0 native plugins for Editor in 0.00 ms.
Unloading 13 Unused Serialized files (Serialized files now loaded: 0)
Unloading 6728 unused Assets / (4.2 MB). Loaded Objects now: 7485.
Memory consumption went from 154.7 MB to 150.5 MB.
Total: 30.604500 ms (FindLiveObjects: 0.806600 ms CreateObjectMapping: 0.363200 ms MarkObjects: 7.972400 ms  DeleteObjects: 21.461100 ms)

Prepare: number of updated asset objects reloaded= 0
========================================================================
Received Prepare
Refreshing native plugins compatible for Editor in 1.52 ms, found 4 plugins.
Preloading 0 native plugins for Editor in 0.00 ms.
Unloading 13 Unused Serialized files (Serialized files now loaded: 0)
Unloading 6728 unused Assets / (4.2 MB). Loaded Objects now: 7485.
Memory consumption went from 154.7 MB to 150.5 MB.
Total: 8.700300 ms (FindLiveObjects: 0.708700 ms CreateObjectMapping: 0.342400 ms MarkObjects: 5.390800 ms  DeleteObjects: 2.257600 ms)

Prepare: number of updated asset objects reloaded= 0
========================================================================
Received Prepare
Begin MonoManager ReloadAssembly
- Loaded All Assemblies, in  0.799 seconds
Refreshing native plugins compatible for Editor in 1.90 ms, found 4 plugins.
Native extension for UWP target not found
Native extension for WindowsStandalone target not found
Native extension for WebGL target not found
[Package Manager] Failed to launch server process. Reason: Unity was launched with the -noUpm command-line argument
[Package Manager] Unable to send message (not connected to server process).
[Package Manager] Cannot connect to Unity Package Manager local server
Mono: successfully reloaded assembly
- Finished resetting the current domain, in  0.819 seconds
Domain Reload Profiling: 1621ms
	BeginReloadAssembly (233ms)
		ExecutionOrderSort (0ms)
		DisableScriptedObjects (15ms)
		BackupInstance (0ms)
		ReleaseScriptingObjects (0ms)
		CreateAndSetChildDomain (57ms)
	RebuildCommonClasses (33ms)
	RebuildNativeTypeToScriptingClass (16ms)
	initialDomainReloadingComplete (30ms)
	LoadAllAssembliesAndSetupDomain (491ms)
		LoadAssemblies (366ms)
		RebuildTransferFunctionScriptingTraits (0ms)
		AnalyzeDomain (228ms)
			TypeCache.Refresh (13ms)
				TypeCache.ScanAssembly (1ms)
			BuildScriptInfoCaches (197ms)
			ResolveRequiredComponents (13ms)
	FinalizeReload (820ms)
		ReleaseScriptCaches (0ms)
		RebuildScriptCaches (0ms)
		SetupLoadedEditorAssemblies (655ms)
			LogAssemblyErrors (0ms)
			InitializePlatformSupportModulesInManaged (3ms)
			SetLoadedEditorAssemblies (3ms)
			BeforeProcessingInitializeOnLoad (149ms)
			ProcessInitializeOnLoadAttributes (422ms)
			ProcessInitializeOnLoadMethodAttributes (76ms)
			AfterProcessingInitializeOnLoad (2ms)
			EditorAssembliesLoaded (0ms)
		ExecutionOrderSort2 (0ms)
		AwakeInstancesAfterBackupRestoration (15ms)
Refreshing native plugins compatible for Editor in 1.55 ms, found 4 plugins.
Preloading 0 native plugins for Editor in 0.00 ms.
Unloading 13 Unused Serialized files (Serialized files now loaded: 0)
Unloading 6739 unused Assets / (3.9 MB). Loaded Objects now: 7487.
Memory consumption went from 154.3 MB to 150.3 MB.
Total: 8.637000 ms (FindLiveObjects: 0.796500 ms CreateObjectMapping: 0.388400 ms MarkObjects: 5.175700 ms  DeleteObjects: 2.275200 ms)

Prepare: number of updated asset objects reloaded= 0
========================================================================
Received Prepare
Begin MonoManager ReloadAssembly
- Loaded All Assemblies, in  0.434 seconds
Refreshing native plugins compatible for Editor in 0.71 ms, found 4 plugins.
Native extension for UWP target not found
Native extension for WindowsStandalone target not found
Native extension for WebGL target not found
[Package Manager] Failed to launch server process. Reason: Unity was launched with the -noUpm command-line argument
[Package Manager] Unable to send message (not connected to server process).
[Package Manager] Cannot connect to Unity Package Manager local server
Mono: successfully reloaded assembly
- Finished resetting the current domain, in  0.462 seconds
Domain Reload Profiling: 898ms
	BeginReloadAssembly (129ms)
		ExecutionOrderSort (0ms)
		DisableScriptedObjects (8ms)
		BackupInstance (0ms)
		ReleaseScriptingObjects (0ms)
		CreateAndSetChildDomain (28ms)
	RebuildCommonClasses (22ms)
	RebuildNativeTypeToScriptingClass (7ms)
	initialDomainReloadingComplete (14ms)
	LoadAllAssembliesAndSetupDomain (263ms)
		LoadAssemblies (194ms)
		RebuildTransferFunctionScriptingTraits (0ms)
		AnalyzeDomain (126ms)
			TypeCache.Refresh (5ms)
				TypeCache.ScanAssembly (0ms)
			BuildScriptInfoCaches (110ms)
			ResolveRequiredComponents (8ms)
	FinalizeReload (462ms)
		ReleaseScriptCaches (0ms)
		RebuildScriptCaches (0ms)
		SetupLoadedEditorAssemblies (370ms)
			LogAssemblyErrors (0ms)
			InitializePlatformSupportModulesInManaged (2ms)
			SetLoadedEditorAssemblies (2ms)
			BeforeProcessingInitializeOnLoad (71ms)
			ProcessInitializeOnLoadAttributes (254ms)
			ProcessInitializeOnLoadMethodAttributes (40ms)
			AfterProcessingInitializeOnLoad (1ms)
			EditorAssembliesLoaded (0ms)
		ExecutionOrderSort2 (0ms)
		AwakeInstancesAfterBackupRestoration (10ms)
Refreshing native plugins compatible for Editor in 1.09 ms, found 4 plugins.
Preloading 0 native plugins for Editor in 0.00 ms.
Unloading 13 Unused Serialized files (Serialized files now loaded: 0)
Unloading 6739 unused Assets / (3.7 MB). Loaded Objects now: 7490.
Memory consumption went from 156.3 MB to 152.6 MB.
Total: 5.256300 ms (FindLiveObjects: 0.477000 ms CreateObjectMapping: 0.453100 ms MarkObjects: 3.119000 ms  DeleteObjects: 1.206800 ms)

Prepare: number of updated asset objects reloaded= 0
========================================================================
Received Prepare
Begin MonoManager ReloadAssembly
- Loaded All Assemblies, in  0.434 seconds
Refreshing native plugins compatible for Editor in 0.66 ms, found 4 plugins.
Native extension for UWP target not found
Native extension for WindowsStandalone target not found
Native extension for WebGL target not found
[Package Manager] Failed to launch server process. Reason: Unity was launched with the -noUpm command-line argument
[Package Manager] Unable to send message (not connected to server process).
[Package Manager] Cannot connect to Unity Package Manager local server
Mono: successfully reloaded assembly
- Finished resetting the current domain, in  0.423 seconds
Domain Reload Profiling: 859ms
	BeginReloadAssembly (130ms)
		ExecutionOrderSort (0ms)
		DisableScriptedObjects (9ms)
		BackupInstance (0ms)
		ReleaseScriptingObjects (0ms)
		CreateAndSetChildDomain (27ms)
	RebuildCommonClasses (21ms)
	RebuildNativeTypeToScriptingClass (8ms)
	initialDomainReloadingComplete (15ms)
	LoadAllAssembliesAndSetupDomain (263ms)
		LoadAssemblies (196ms)
		RebuildTransferFunctionScriptingTraits (0ms)
		AnalyzeDomain (124ms)
			TypeCache.Refresh (5ms)
				TypeCache.ScanAssembly (0ms)
			BuildScriptInfoCaches (108ms)
			ResolveRequiredComponents (7ms)
	FinalizeReload (423ms)
		ReleaseScriptCaches (0ms)
		RebuildScriptCaches (0ms)
		SetupLoadedEditorAssemblies (329ms)
			LogAssemblyErrors (0ms)
			InitializePlatformSupportModulesInManaged (2ms)
			SetLoadedEditorAssemblies (2ms)
			BeforeProcessingInitializeOnLoad (69ms)
			ProcessInitializeOnLoadAttributes (220ms)
			ProcessInitializeOnLoadMethodAttributes (35ms)
			AfterProcessingInitializeOnLoad (1ms)
			EditorAssembliesLoaded (0ms)
		ExecutionOrderSort2 (0ms)
		AwakeInstancesAfterBackupRestoration (10ms)
Refreshing native plugins compatible for Editor in 0.95 ms, found 4 plugins.
Preloading 0 native plugins for Editor in 0.00 ms.
Unloading 13 Unused Serialized files (Serialized files now loaded: 0)
Unloading 6739 unused Assets / (3.9 MB). Loaded Objects now: 7493.
Memory consumption went from 156.3 MB to 152.4 MB.
Total: 4.772800 ms (FindLiveObjects: 0.393600 ms CreateObjectMapping: 0.265000 ms MarkObjects: 2.900200 ms  DeleteObjects: 1.213400 ms)

Prepare: number of updated asset objects reloaded= 0
========================================================================
Received Prepare
Refreshing native plugins compatible for Editor in 1.72 ms, found 4 plugins.
Preloading 0 native plugins for Editor in 0.00 ms.
Unloading 13 Unused Serialized files (Serialized files now loaded: 0)
Unloading 6728 unused Assets / (4.1 MB). Loaded Objects now: 7493.
Memory consumption went from 156.5 MB to 152.4 MB.
Total: 8.992600 ms (FindLiveObjects: 0.717700 ms CreateObjectMapping: 0.364600 ms MarkObjects: 5.580100 ms  DeleteObjects: 2.329200 ms)

Prepare: number of updated asset objects reloaded= 0
========================================================================
Received Prepare
Begin MonoManager ReloadAssembly
- Loaded All Assemblies, in  0.807 seconds
Refreshing native plugins compatible for Editor in 1.62 ms, found 4 plugins.
Native extension for UWP target not found
Native extension for WindowsStandalone target not found
Native extension for WebGL target not found
[Package Manager] Failed to launch server process. Reason: Unity was launched with the -noUpm command-line argument
[Package Manager] Unable to send message (not connected to server process).
[Package Manager] Cannot connect to Unity Package Manager local server
Mono: successfully reloaded assembly
- Finished resetting the current domain, in  0.800 seconds
Domain Reload Profiling: 1610ms
	BeginReloadAssembly (237ms)
		ExecutionOrderSort (0ms)
		DisableScriptedObjects (16ms)
		BackupInstance (0ms)
		ReleaseScriptingObjects (0ms)
		CreateAndSetChildDomain (53ms)
	RebuildCommonClasses (41ms)
	RebuildNativeTypeToScriptingClass (14ms)
	initialDomainReloadingComplete (27ms)
	LoadAllAssembliesAndSetupDomain (490ms)
		LoadAssemblies (379ms)
		RebuildTransferFunctionScriptingTraits (0ms)
		AnalyzeDomain (227ms)
			TypeCache.Refresh (11ms)
				TypeCache.ScanAssembly (1ms)
			BuildScriptInfoCaches (198ms)
			ResolveRequiredComponents (14ms)
	FinalizeReload (801ms)
		ReleaseScriptCaches (0ms)
		RebuildScriptCaches (0ms)
		SetupLoadedEditorAssemblies (635ms)
			LogAssemblyErrors (0ms)
			InitializePlatformSupportModulesInManaged (3ms)
			SetLoadedEditorAssemblies (5ms)
			BeforeProcessingInitializeOnLoad (140ms)
			ProcessInitializeOnLoadAttributes (399ms)
			ProcessInitializeOnLoadMethodAttributes (87ms)
			AfterProcessingInitializeOnLoad (2ms)
			EditorAssembliesLoaded (0ms)
		ExecutionOrderSort2 (0ms)
		AwakeInstancesAfterBackupRestoration (16ms)
Refreshing native plugins compatible for Editor in 1.44 ms, found 4 plugins.
Preloading 0 native plugins for Editor in 0.00 ms.
Unloading 13 Unused Serialized files (Serialized files now loaded: 0)
Unloading 6739 unused Assets / (4.0 MB). Loaded Objects now: 7496.
Memory consumption went from 156.4 MB to 152.4 MB.
Total: 7.564300 ms (FindLiveObjects: 0.709600 ms CreateObjectMapping: 0.331700 ms MarkObjects: 4.518600 ms  DeleteObjects: 2.003600 ms)

Prepare: number of updated asset objects reloaded= 0
========================================================================
Received Prepare
Refreshing native plugins compatible for Editor in 1.53 ms, found 4 plugins.
Preloading 0 native plugins for Editor in 0.00 ms.
Unloading 13 Unused Serialized files (Serialized files now loaded: 0)
Unloading 6728 unused Assets / (3.9 MB). Loaded Objects now: 7496.
Memory consumption went from 156.5 MB to 152.6 MB.
Total: 11.309700 ms (FindLiveObjects: 0.710900 ms CreateObjectMapping: 0.383400 ms MarkObjects: 6.537600 ms  DeleteObjects: 3.676800 ms)

Prepare: number of updated asset objects reloaded= 0
========================================================================
Received Prepare
Begin MonoManager ReloadAssembly
- Loaded All Assemblies, in  0.794 seconds
Refreshing native plugins compatible for Editor in 2.54 ms, found 4 plugins.
Native extension for UWP target not found
Native extension for WindowsStandalone target not found
Native extension for WebGL target not found
[Package Manager] Failed to launch server process. Reason: Unity was launched with the -noUpm command-line argument
[Package Manager] Unable to send message (not connected to server process).
[Package Manager] Cannot connect to Unity Package Manager local server
Mono: successfully reloaded assembly
- Finished resetting the current domain, in  0.814 seconds
Domain Reload Profiling: 1610ms
	BeginReloadAssembly (227ms)
		ExecutionOrderSort (0ms)
		DisableScriptedObjects (15ms)
		BackupInstance (0ms)
		ReleaseScriptingObjects (0ms)
		CreateAndSetChildDomain (52ms)
	RebuildCommonClasses (35ms)
	RebuildNativeTypeToScriptingClass (14ms)
	initialDomainReloadingComplete (25ms)
	LoadAllAssembliesAndSetupDomain (496ms)
		LoadAssemblies (368ms)
		RebuildTransferFunctionScriptingTraits (0ms)
		AnalyzeDomain (228ms)
			TypeCache.Refresh (13ms)
				TypeCache.ScanAssembly (1ms)
			BuildScriptInfoCaches (199ms)
			ResolveRequiredComponents (13ms)
	FinalizeReload (814ms)
		ReleaseScriptCaches (0ms)
		RebuildScriptCaches (0ms)
		SetupLoadedEditorAssemblies (645ms)
			LogAssemblyErrors (0ms)
			InitializePlatformSupportModulesInManaged (4ms)
			SetLoadedEditorAssemblies (4ms)
			BeforeProcessingInitializeOnLoad (149ms)
			ProcessInitializeOnLoadAttributes (415ms)
			ProcessInitializeOnLoadMethodAttributes (72ms)
			AfterProcessingInitializeOnLoad (2ms)
			EditorAssembliesLoaded (0ms)
		ExecutionOrderSort2 (0ms)
		AwakeInstancesAfterBackupRestoration (15ms)
Refreshing native plugins compatible for Editor in 1.48 ms, found 4 plugins.
Preloading 0 native plugins for Editor in 0.00 ms.
Unloading 13 Unused Serialized files (Serialized files now loaded: 0)
Unloading 6739 unused Assets / (2.7 MB). Loaded Objects now: 7499.
Memory consumption went from 156.4 MB to 153.7 MB.
Total: 8.056800 ms (FindLiveObjects: 0.711400 ms CreateObjectMapping: 0.377300 ms MarkObjects: 5.022400 ms  DeleteObjects: 1.945100 ms)

Prepare: number of updated asset objects reloaded= 0
========================================================================
Received Prepare
Begin MonoManager ReloadAssembly
- Loaded All Assemblies, in  0.432 seconds
Refreshing native plugins compatible for Editor in 0.63 ms, found 4 plugins.
Native extension for UWP target not found
Native extension for WindowsStandalone target not found
Native extension for WebGL target not found
[Package Manager] Failed to launch server process. Reason: Unity was launched with the -noUpm command-line argument
[Package Manager] Unable to send message (not connected to server process).
[Package Manager] Cannot connect to Unity Package Manager local server
Mono: successfully reloaded assembly
- Finished resetting the current domain, in  0.423 seconds
Domain Reload Profiling: 857ms
	BeginReloadAssembly (130ms)
		ExecutionOrderSort (0ms)
		DisableScriptedObjects (8ms)
		BackupInstance (0ms)
		ReleaseScriptingObjects (0ms)
		CreateAndSetChildDomain (28ms)
	RebuildCommonClasses (22ms)
	RebuildNativeTypeToScriptingClass (8ms)
	initialDomainReloadingComplete (14ms)
	LoadAllAssembliesAndSetupDomain (260ms)
		LoadAssemblies (193ms)
		RebuildTransferFunctionScriptingTraits (0ms)
		AnalyzeDomain (125ms)
			TypeCache.Refresh (5ms)
				TypeCache.ScanAssembly (0ms)
			BuildScriptInfoCaches (110ms)
			ResolveRequiredComponents (7ms)
	FinalizeReload (423ms)
		ReleaseScriptCaches (0ms)
		RebuildScriptCaches (0ms)
		SetupLoadedEditorAssemblies (334ms)
			LogAssemblyErrors (0ms)
			InitializePlatformSupportModulesInManaged (2ms)
			SetLoadedEditorAssemblies (2ms)
			BeforeProcessingInitializeOnLoad (69ms)
			ProcessInitializeOnLoadAttributes (224ms)
			ProcessInitializeOnLoadMethodAttributes (37ms)
			AfterProcessingInitializeOnLoad (1ms)
			EditorAssembliesLoaded (0ms)
		ExecutionOrderSort2 (0ms)
		AwakeInstancesAfterBackupRestoration (9ms)
Refreshing native plugins compatible for Editor in 1.10 ms, found 4 plugins.
Preloading 0 native plugins for Editor in 0.00 ms.
Unloading 13 Unused Serialized files (Serialized files now loaded: 0)
Unloading 6739 unused Assets / (4.1 MB). Loaded Objects now: 7502.
Memory consumption went from 156.4 MB to 152.3 MB.
Total: 5.067000 ms (FindLiveObjects: 0.383400 ms CreateObjectMapping: 0.308000 ms MarkObjects: 2.877800 ms  DeleteObjects: 1.496900 ms)

Prepare: number of updated asset objects reloaded= 0
========================================================================
Received Prepare
Refreshing native plugins compatible for Editor in 1.52 ms, found 4 plugins.
Preloading 0 native plugins for Editor in 0.00 ms.
Unloading 13 Unused Serialized files (Serialized files now loaded: 0)
Unloading 6728 unused Assets / (3.9 MB). Loaded Objects now: 7502.
Memory consumption went from 156.6 MB to 152.7 MB.
Total: 8.456200 ms (FindLiveObjects: 0.795500 ms CreateObjectMapping: 0.452900 ms MarkObjects: 5.248700 ms  DeleteObjects: 1.958100 ms)

Prepare: number of updated asset objects reloaded= 0
========================================================================
Received Prepare
Begin MonoManager ReloadAssembly
- Loaded All Assemblies, in  0.441 seconds
Refreshing native plugins compatible for Editor in 0.63 ms, found 4 plugins.
Native extension for UWP target not found
Native extension for WindowsStandalone target not found
Native extension for WebGL target not found
[Package Manager] Failed to launch server process. Reason: Unity was launched with the -noUpm command-line argument
[Package Manager] Unable to send message (not connected to server process).
[Package Manager] Cannot connect to Unity Package Manager local server
Mono: successfully reloaded assembly
- Finished resetting the current domain, in  0.421 seconds
Domain Reload Profiling: 864ms
	BeginReloadAssembly (130ms)
		ExecutionOrderSort (0ms)
		DisableScriptedObjects (9ms)
		BackupInstance (0ms)
		ReleaseScriptingObjects (0ms)
		CreateAndSetChildDomain (28ms)
	RebuildCommonClasses (21ms)
	RebuildNativeTypeToScriptingClass (8ms)
	initialDomainReloadingComplete (17ms)
	LoadAllAssembliesAndSetupDomain (268ms)
		LoadAssemblies (199ms)
		RebuildTransferFunctionScriptingTraits (0ms)
		AnalyzeDomain (124ms)
			TypeCache.Refresh (7ms)
				TypeCache.ScanAssembly (0ms)
			BuildScriptInfoCaches (108ms)
			ResolveRequiredComponents (7ms)
	FinalizeReload (421ms)
		ReleaseScriptCaches (0ms)
		RebuildScriptCaches (0ms)
		SetupLoadedEditorAssemblies (331ms)
			LogAssemblyErrors (0ms)
			InitializePlatformSupportModulesInManaged (2ms)
			SetLoadedEditorAssemblies (2ms)
			BeforeProcessingInitializeOnLoad (68ms)
			ProcessInitializeOnLoadAttributes (225ms)
			ProcessInitializeOnLoadMethodAttributes (33ms)
			AfterProcessingInitializeOnLoad (1ms)
			EditorAssembliesLoaded (0ms)
		ExecutionOrderSort2 (0ms)
		AwakeInstancesAfterBackupRestoration (8ms)
Refreshing native plugins compatible for Editor in 0.72 ms, found 4 plugins.
Preloading 0 native plugins for Editor in 0.00 ms.
Unloading 13 Unused Serialized files (Serialized files now loaded: 0)
Unloading 6739 unused Assets / (3.9 MB). Loaded Objects now: 7505.
Memory consumption went from 156.5 MB to 152.6 MB.
Total: 4.517500 ms (FindLiveObjects: 0.418500 ms CreateObjectMapping: 0.223500 ms MarkObjects: 2.737100 ms  DeleteObjects: 1.137800 ms)

Prepare: number of updated asset objects reloaded= 0
========================================================================
Received Prepare
Begin MonoManager ReloadAssembly
- Loaded All Assemblies, in  0.434 seconds
Refreshing native plugins compatible for Editor in 0.68 ms, found 4 plugins.
Native extension for UWP target not found
Native extension for WindowsStandalone target not found
Native extension for WebGL target not found
[Package Manager] Failed to launch server process. Reason: Unity was launched with the -noUpm command-line argument
[Package Manager] Unable to send message (not connected to server process).
[Package Manager] Cannot connect to Unity Package Manager local server
Mono: successfully reloaded assembly
- Finished resetting the current domain, in  0.462 seconds
Domain Reload Profiling: 898ms
	BeginReloadAssembly (128ms)
		ExecutionOrderSort (0ms)
		DisableScriptedObjects (8ms)
		BackupInstance (0ms)
		ReleaseScriptingObjects (0ms)
		CreateAndSetChildDomain (27ms)
	RebuildCommonClasses (21ms)
	RebuildNativeTypeToScriptingClass (8ms)
	initialDomainReloadingComplete (15ms)
	LoadAllAssembliesAndSetupDomain (264ms)
		LoadAssemblies (197ms)
		RebuildTransferFunctionScriptingTraits (0ms)
		AnalyzeDomain (124ms)
			TypeCache.Refresh (5ms)
				TypeCache.ScanAssembly (0ms)
			BuildScriptInfoCaches (110ms)
			ResolveRequiredComponents (7ms)
	FinalizeReload (463ms)
		ReleaseScriptCaches (0ms)
		RebuildScriptCaches (0ms)
		SetupLoadedEditorAssemblies (371ms)
			LogAssemblyErrors (0ms)
			InitializePlatformSupportModulesInManaged (2ms)
			SetLoadedEditorAssemblies (2ms)
			BeforeProcessingInitializeOnLoad (70ms)
			ProcessInitializeOnLoadAttributes (252ms)
			ProcessInitializeOnLoadMethodAttributes (44ms)
			AfterProcessingInitializeOnLoad (1ms)
			EditorAssembliesLoaded (0ms)
		ExecutionOrderSort2 (0ms)
		AwakeInstancesAfterBackupRestoration (10ms)
Refreshing native plugins compatible for Editor in 1.06 ms, found 4 plugins.
Preloading 0 native plugins for Editor in 0.00 ms.
Unloading 13 Unused Serialized files (Serialized files now loaded: 0)
Unloading 6739 unused Assets / (4.0 MB). Loaded Objects now: 7508.
Memory consumption went from 156.5 MB to 152.5 MB.
Total: 5.007600 ms (FindLiveObjects: 0.377400 ms CreateObjectMapping: 0.226100 ms MarkObjects: 3.034500 ms  DeleteObjects: 1.368600 ms)

Prepare: number of updated asset objects reloaded= 0
========================================================================
Received Prepare
Begin MonoManager ReloadAssembly
- Loaded All Assemblies, in  0.428 seconds
Refreshing native plugins compatible for Editor in 0.71 ms, found 4 plugins.
Native extension for UWP target not found
Native extension for WindowsStandalone target not found
Native extension for WebGL target not found
[Package Manager] Failed to launch server process. Reason: Unity was launched with the -noUpm command-line argument
[Package Manager] Unable to send message (not connected to server process).
[Package Manager] Cannot connect to Unity Package Manager local server
Mono: successfully reloaded assembly
- Finished resetting the current domain, in  0.461 seconds
Domain Reload Profiling: 892ms
	BeginReloadAssembly (127ms)
		ExecutionOrderSort (0ms)
		DisableScriptedObjects (8ms)
		BackupInstance (0ms)
		ReleaseScriptingObjects (0ms)
		CreateAndSetChildDomain (26ms)
	RebuildCommonClasses (21ms)
	RebuildNativeTypeToScriptingClass (8ms)
	initialDomainReloadingComplete (15ms)
	LoadAllAssembliesAndSetupDomain (260ms)
		LoadAssemblies (192ms)
		RebuildTransferFunctionScriptingTraits (0ms)
		AnalyzeDomain (124ms)
			TypeCache.Refresh (5ms)
				TypeCache.ScanAssembly (0ms)
			BuildScriptInfoCaches (109ms)
			ResolveRequiredComponents (7ms)
	FinalizeReload (462ms)
		ReleaseScriptCaches (0ms)
		RebuildScriptCaches (0ms)
		SetupLoadedEditorAssemblies (369ms)
			LogAssemblyErrors (0ms)
			InitializePlatformSupportModulesInManaged (2ms)
			SetLoadedEditorAssemblies (2ms)
			BeforeProcessingInitializeOnLoad (67ms)
			ProcessInitializeOnLoadAttributes (255ms)
			ProcessInitializeOnLoadMethodAttributes (42ms)
			AfterProcessingInitializeOnLoad (1ms)
			EditorAssembliesLoaded (0ms)
		ExecutionOrderSort2 (0ms)
		AwakeInstancesAfterBackupRestoration (11ms)
Refreshing native plugins compatible for Editor in 0.81 ms, found 4 plugins.
Preloading 0 native plugins for Editor in 0.00 ms.
Unloading 13 Unused Serialized files (Serialized files now loaded: 0)
Unloading 6739 unused Assets / (3.9 MB). Loaded Objects now: 7511.
Memory consumption went from 156.6 MB to 152.7 MB.
Total: 5.144600 ms (FindLiveObjects: 0.391400 ms CreateObjectMapping: 0.220900 ms MarkObjects: 3.285400 ms  DeleteObjects: 1.246100 ms)

Prepare: number of updated asset objects reloaded= 0
========================================================================
Received Prepare
Begin MonoManager ReloadAssembly
- Loaded All Assemblies, in  0.425 seconds
Refreshing native plugins compatible for Editor in 0.75 ms, found 4 plugins.
Native extension for UWP target not found
Native extension for WindowsStandalone target not found
Native extension for WebGL target not found
[Package Manager] Failed to launch server process. Reason: Unity was launched with the -noUpm command-line argument
[Package Manager] Unable to send message (not connected to server process).
[Package Manager] Cannot connect to Unity Package Manager local server
Mono: successfully reloaded assembly
- Finished resetting the current domain, in  0.432 seconds
Domain Reload Profiling: 860ms
	BeginReloadAssembly (125ms)
		ExecutionOrderSort (0ms)
		DisableScriptedObjects (8ms)
		BackupInstance (0ms)
		ReleaseScriptingObjects (0ms)
		CreateAndSetChildDomain (25ms)
	RebuildCommonClasses (21ms)
	RebuildNativeTypeToScriptingClass (8ms)
	initialDomainReloadingComplete (15ms)
	LoadAllAssembliesAndSetupDomain (258ms)
		LoadAssemblies (190ms)
		RebuildTransferFunctionScriptingTraits (0ms)
		AnalyzeDomain (124ms)
			TypeCache.Refresh (5ms)
				TypeCache.ScanAssembly (0ms)
			BuildScriptInfoCaches (109ms)
			ResolveRequiredComponents (7ms)
	FinalizeReload (433ms)
		ReleaseScriptCaches (0ms)
		RebuildScriptCaches (0ms)
		SetupLoadedEditorAssemblies (339ms)
			LogAssemblyErrors (0ms)
			InitializePlatformSupportModulesInManaged (2ms)
			SetLoadedEditorAssemblies (3ms)
			BeforeProcessingInitializeOnLoad (68ms)
			ProcessInitializeOnLoadAttributes (228ms)
			ProcessInitializeOnLoadMethodAttributes (37ms)
			AfterProcessingInitializeOnLoad (1ms)
			EditorAssembliesLoaded (0ms)
		ExecutionOrderSort2 (0ms)
		AwakeInstancesAfterBackupRestoration (9ms)
Refreshing native plugins compatible for Editor in 1.11 ms, found 4 plugins.
Preloading 0 native plugins for Editor in 0.00 ms.
Unloading 13 Unused Serialized files (Serialized files now loaded: 0)
Unloading 6739 unused Assets / (4.2 MB). Loaded Objects now: 7514.
Memory consumption went from 156.6 MB to 152.4 MB.
Total: 5.240200 ms (FindLiveObjects: 0.396600 ms CreateObjectMapping: 0.219100 ms MarkObjects: 3.195800 ms  DeleteObjects: 1.428100 ms)

Prepare: number of updated asset objects reloaded= 0
========================================================================
Received Prepare
Begin MonoManager ReloadAssembly
- Loaded All Assemblies, in  0.428 seconds
Refreshing native plugins compatible for Editor in 0.67 ms, found 4 plugins.
Native extension for UWP target not found
Native extension for WindowsStandalone target not found
Native extension for WebGL target not found
[Package Manager] Failed to launch server process. Reason: Unity was launched with the -noUpm command-line argument
[Package Manager] Unable to send message (not connected to server process).
[Package Manager] Cannot connect to Unity Package Manager local server
Mono: successfully reloaded assembly
- Finished resetting the current domain, in  0.463 seconds
Domain Reload Profiling: 894ms
	BeginReloadAssembly (127ms)
		ExecutionOrderSort (0ms)
		DisableScriptedObjects (9ms)
		BackupInstance (0ms)
		ReleaseScriptingObjects (0ms)
		CreateAndSetChildDomain (25ms)
	RebuildCommonClasses (22ms)
	RebuildNativeTypeToScriptingClass (8ms)
	initialDomainReloadingComplete (15ms)
	LoadAllAssembliesAndSetupDomain (259ms)
		LoadAssemblies (190ms)
		RebuildTransferFunctionScriptingTraits (0ms)
		AnalyzeDomain (125ms)
			TypeCache.Refresh (5ms)
				TypeCache.ScanAssembly (0ms)
			BuildScriptInfoCaches (110ms)
			ResolveRequiredComponents (7ms)
	FinalizeReload (463ms)
		ReleaseScriptCaches (0ms)
		RebuildScriptCaches (0ms)
		SetupLoadedEditorAssemblies (368ms)
			LogAssemblyErrors (0ms)
			InitializePlatformSupportModulesInManaged (2ms)
			SetLoadedEditorAssemblies (3ms)
			BeforeProcessingInitializeOnLoad (71ms)
			ProcessInitializeOnLoadAttributes (251ms)
			ProcessInitializeOnLoadMethodAttributes (41ms)
			AfterProcessingInitializeOnLoad (1ms)
			EditorAssembliesLoaded (0ms)
		ExecutionOrderSort2 (0ms)
		AwakeInstancesAfterBackupRestoration (11ms)
Refreshing native plugins compatible for Editor in 0.95 ms, found 4 plugins.
Preloading 0 native plugins for Editor in 0.00 ms.
Unloading 13 Unused Serialized files (Serialized files now loaded: 0)
Unloading 6739 unused Assets / (3.8 MB). Loaded Objects now: 7517.
Memory consumption went from 156.6 MB to 152.9 MB.
Total: 4.858000 ms (FindLiveObjects: 0.395200 ms CreateObjectMapping: 0.277700 ms MarkObjects: 2.992700 ms  DeleteObjects: 1.191500 ms)

Prepare: number of updated asset objects reloaded= 0
========================================================================
Received Prepare
Begin MonoManager ReloadAssembly
- Loaded All Assemblies, in  0.421 seconds
Refreshing native plugins compatible for Editor in 0.66 ms, found 4 plugins.
Native extension for UWP target not found
Native extension for WindowsStandalone target not found
Native extension for WebGL target not found
[Package Manager] Failed to launch server process. Reason: Unity was launched with the -noUpm command-line argument
[Package Manager] Unable to send message (not connected to server process).
[Package Manager] Cannot connect to Unity Package Manager local server
Mono: successfully reloaded assembly
- Finished resetting the current domain, in  0.445 seconds
Domain Reload Profiling: 868ms
	BeginReloadAssembly (124ms)
		ExecutionOrderSort (0ms)
		DisableScriptedObjects (9ms)
		BackupInstance (0ms)
		ReleaseScriptingObjects (0ms)
		CreateAndSetChildDomain (25ms)
	RebuildCommonClasses (22ms)
	RebuildNativeTypeToScriptingClass (8ms)
	initialDomainReloadingComplete (14ms)
	LoadAllAssembliesAndSetupDomain (255ms)
		LoadAssemblies (184ms)
		RebuildTransferFunctionScriptingTraits (0ms)
		AnalyzeDomain (125ms)
			TypeCache.Refresh (5ms)
				TypeCache.ScanAssembly (0ms)
			BuildScriptInfoCaches (110ms)
			ResolveRequiredComponents (7ms)
	FinalizeReload (445ms)
		ReleaseScriptCaches (0ms)
		RebuildScriptCaches (0ms)
		SetupLoadedEditorAssemblies (352ms)
			LogAssemblyErrors (0ms)
			InitializePlatformSupportModulesInManaged (2ms)
			SetLoadedEditorAssemblies (3ms)
			BeforeProcessingInitializeOnLoad (70ms)
			ProcessInitializeOnLoadAttributes (236ms)
			ProcessInitializeOnLoadMethodAttributes (40ms)
			AfterProcessingInitializeOnLoad (1ms)
			EditorAssembliesLoaded (0ms)
		ExecutionOrderSort2 (0ms)
		AwakeInstancesAfterBackupRestoration (11ms)
Refreshing native plugins compatible for Editor in 1.19 ms, found 4 plugins.
Preloading 0 native plugins for Editor in 0.00 ms.
Unloading 13 Unused Serialized files (Serialized files now loaded: 0)
Unloading 6739 unused Assets / (3.8 MB). Loaded Objects now: 7520.
Memory consumption went from 156.6 MB to 152.8 MB.
Total: 5.321200 ms (FindLiveObjects: 0.412900 ms CreateObjectMapping: 0.363800 ms MarkObjects: 3.260400 ms  DeleteObjects: 1.283100 ms)

Prepare: number of updated asset objects reloaded= 0
========================================================================
Received Prepare
Begin MonoManager ReloadAssembly
- Loaded All Assemblies, in  0.420 seconds
Refreshing native plugins compatible for Editor in 0.69 ms, found 4 plugins.
Native extension for UWP target not found
Native extension for WindowsStandalone target not found
Native extension for WebGL target not found
[Package Manager] Failed to launch server process. Reason: Unity was launched with the -noUpm command-line argument
[Package Manager] Unable to send message (not connected to server process).
[Package Manager] Cannot connect to Unity Package Manager local server
Mono: successfully reloaded assembly
- Finished resetting the current domain, in  0.429 seconds
Domain Reload Profiling: 851ms
	BeginReloadAssembly (125ms)
		ExecutionOrderSort (0ms)
		DisableScriptedObjects (8ms)
		BackupInstance (0ms)
		ReleaseScriptingObjects (0ms)
		CreateAndSetChildDomain (25ms)
	RebuildCommonClasses (21ms)
	RebuildNativeTypeToScriptingClass (8ms)
	initialDomainReloadingComplete (15ms)
	LoadAllAssembliesAndSetupDomain (253ms)
		LoadAssemblies (183ms)
		RebuildTransferFunctionScriptingTraits (0ms)
		AnalyzeDomain (124ms)
			TypeCache.Refresh (5ms)
				TypeCache.ScanAssembly (0ms)
			BuildScriptInfoCaches (109ms)
			ResolveRequiredComponents (7ms)
	FinalizeReload (430ms)
		ReleaseScriptCaches (0ms)
		RebuildScriptCaches (0ms)
		SetupLoadedEditorAssemblies (337ms)
			LogAssemblyErrors (0ms)
			InitializePlatformSupportModulesInManaged (2ms)
			SetLoadedEditorAssemblies (3ms)
			BeforeProcessingInitializeOnLoad (71ms)
			ProcessInitializeOnLoadAttributes (224ms)
			ProcessInitializeOnLoadMethodAttributes (35ms)
			AfterProcessingInitializeOnLoad (1ms)
			EditorAssembliesLoaded (0ms)
		ExecutionOrderSort2 (0ms)
		AwakeInstancesAfterBackupRestoration (9ms)
Refreshing native plugins compatible for Editor in 1.03 ms, found 4 plugins.
Preloading 0 native plugins for Editor in 0.00 ms.
Unloading 13 Unused Serialized files (Serialized files now loaded: 0)
Unloading 6739 unused Assets / (3.7 MB). Loaded Objects now: 7523.
Memory consumption went from 156.7 MB to 153.0 MB.
Total: 5.050300 ms (FindLiveObjects: 0.443100 ms CreateObjectMapping: 0.255100 ms MarkObjects: 3.088600 ms  DeleteObjects: 1.262700 ms)

Prepare: number of updated asset objects reloaded= 0
========================================================================
Received Prepare
Refreshing native plugins compatible for Editor in 1.44 ms, found 4 plugins.
Preloading 0 native plugins for Editor in 0.00 ms.
Unloading 13 Unused Serialized files (Serialized files now loaded: 0)
Unloading 6728 unused Assets / (4.0 MB). Loaded Objects now: 7523.
Memory consumption went from 156.8 MB to 152.9 MB.
Total: 7.949900 ms (FindLiveObjects: 0.702600 ms CreateObjectMapping: 0.357700 ms MarkObjects: 4.981900 ms  DeleteObjects: 1.906800 ms)

Prepare: number of updated asset objects reloaded= 0
========================================================================
Received Prepare
Begin MonoManager ReloadAssembly
- Loaded All Assemblies, in  0.731 seconds
Refreshing native plugins compatible for Editor in 1.28 ms, found 4 plugins.
Native extension for UWP target not found
Native extension for WindowsStandalone target not found
Native extension for WebGL target not found
[Package Manager] Failed to launch server process. Reason: Unity was launched with the -noUpm command-line argument
[Package Manager] Unable to send message (not connected to server process).
[Package Manager] Cannot connect to Unity Package Manager local server
Mono: successfully reloaded assembly
- Finished resetting the current domain, in  0.747 seconds
Domain Reload Profiling: 1479ms
	BeginReloadAssembly (232ms)
		ExecutionOrderSort (0ms)
		DisableScriptedObjects (19ms)
		BackupInstance (0ms)
		ReleaseScriptingObjects (0ms)
		CreateAndSetChildDomain (48ms)
	RebuildCommonClasses (38ms)
	RebuildNativeTypeToScriptingClass (14ms)
	initialDomainReloadingComplete (29ms)
	LoadAllAssembliesAndSetupDomain (420ms)
		LoadAssemblies (364ms)
		RebuildTransferFunctionScriptingTraits (0ms)
		AnalyzeDomain (167ms)
			TypeCache.Refresh (12ms)
				TypeCache.ScanAssembly (1ms)
			BuildScriptInfoCaches (144ms)
			ResolveRequiredComponents (7ms)
	FinalizeReload (747ms)
		ReleaseScriptCaches (0ms)
		RebuildScriptCaches (0ms)
		SetupLoadedEditorAssemblies (601ms)
			LogAssemblyErrors (0ms)
			InitializePlatformSupportModulesInManaged (3ms)
			SetLoadedEditorAssemblies (6ms)
			BeforeProcessingInitializeOnLoad (156ms)
			ProcessInitializeOnLoadAttributes (402ms)
			ProcessInitializeOnLoadMethodAttributes (33ms)
			AfterProcessingInitializeOnLoad (1ms)
			EditorAssembliesLoaded (0ms)
		ExecutionOrderSort2 (0ms)
		AwakeInstancesAfterBackupRestoration (8ms)
Refreshing native plugins compatible for Editor in 0.73 ms, found 4 plugins.
Preloading 0 native plugins for Editor in 0.00 ms.
Unloading 13 Unused Serialized files (Serialized files now loaded: 0)
Unloading 6739 unused Assets / (3.8 MB). Loaded Objects now: 7526.
Memory consumption went from 156.7 MB to 152.9 MB.
Total: 4.430300 ms (FindLiveObjects: 0.383200 ms CreateObjectMapping: 0.227200 ms MarkObjects: 2.710800 ms  DeleteObjects: 1.108400 ms)

Prepare: number of updated asset objects reloaded= 0
========================================================================
Received Prepare
Begin MonoManager ReloadAssembly
- Loaded All Assemblies, in  0.427 seconds
Refreshing native plugins compatible for Editor in 0.67 ms, found 4 plugins.
Native extension for UWP target not found
Native extension for WindowsStandalone target not found
Native extension for WebGL target not found
[Package Manager] Failed to launch server process. Reason: Unity was launched with the -noUpm command-line argument
[Package Manager] Unable to send message (not connected to server process).
[Package Manager] Cannot connect to Unity Package Manager local server
Mono: successfully reloaded assembly
- Finished resetting the current domain, in  0.455 seconds
Domain Reload Profiling: 884ms
	BeginReloadAssembly (124ms)
		ExecutionOrderSort (0ms)
		DisableScriptedObjects (9ms)
		BackupInstance (0ms)
		ReleaseScriptingObjects (0ms)
		CreateAndSetChildDomain (25ms)
	RebuildCommonClasses (21ms)
	RebuildNativeTypeToScriptingClass (7ms)
	initialDomainReloadingComplete (15ms)
	LoadAllAssembliesAndSetupDomain (261ms)
		LoadAssemblies (189ms)
		RebuildTransferFunctionScriptingTraits (0ms)
		AnalyzeDomain (127ms)
			TypeCache.Refresh (5ms)
				TypeCache.ScanAssembly (0ms)
			BuildScriptInfoCaches (111ms)
			ResolveRequiredComponents (7ms)
	FinalizeReload (455ms)
		ReleaseScriptCaches (0ms)
		RebuildScriptCaches (0ms)
		SetupLoadedEditorAssemblies (358ms)
			LogAssemblyErrors (0ms)
			InitializePlatformSupportModulesInManaged (2ms)
			SetLoadedEditorAssemblies (3ms)
			BeforeProcessingInitializeOnLoad (71ms)
			ProcessInitializeOnLoadAttributes (240ms)
			ProcessInitializeOnLoadMethodAttributes (41ms)
			AfterProcessingInitializeOnLoad (1ms)
			EditorAssembliesLoaded (0ms)
		ExecutionOrderSort2 (0ms)
		AwakeInstancesAfterBackupRestoration (11ms)
Refreshing native plugins compatible for Editor in 0.98 ms, found 4 plugins.
Preloading 0 native plugins for Editor in 0.00 ms.
Unloading 13 Unused Serialized files (Serialized files now loaded: 0)
Unloading 6739 unused Assets / (3.9 MB). Loaded Objects now: 7529.
Memory consumption went from 156.8 MB to 152.9 MB.
Total: 5.006900 ms (FindLiveObjects: 0.384900 ms CreateObjectMapping: 0.234300 ms MarkObjects: 3.098600 ms  DeleteObjects: 1.288200 ms)

Prepare: number of updated asset objects reloaded= 0
========================================================================
Received Prepare
Refreshing native plugins compatible for Editor in 1.56 ms, found 4 plugins.
Preloading 0 native plugins for Editor in 0.00 ms.
Unloading 13 Unused Serialized files (Serialized files now loaded: 0)
Unloading 6728 unused Assets / (3.9 MB). Loaded Objects now: 7529.
Memory consumption went from 156.9 MB to 153.0 MB.
Total: 7.515600 ms (FindLiveObjects: 0.717100 ms CreateObjectMapping: 0.366200 ms MarkObjects: 4.518100 ms  DeleteObjects: 1.913100 ms)

Prepare: number of updated asset objects reloaded= 0
========================================================================
Received Import Request.
  Time since last request: 1395.948217 seconds.
  path: Assets/Scripts/PlayerController.cs
  artifactKey: Guid(b7e3fd0acd209784d88e1ea9dcfc4685) Importer(815301076,1909f56bfc062723c751e8b465ee728b)
Start importing Assets/Scripts/PlayerController.cs using Guid(b7e3fd0acd209784d88e1ea9dcfc4685) Importer(815301076,1909f56bfc062723c751e8b465ee728b) (PreviewImporter) -> (artifact id: '20f41b20b63ddfe43ea0279fc6bad9e5') in 0.1796102 seconds
Number of updated asset objects reloaded before import = 0Number of asset objects unloaded after import = 0

========================================================================
Received Prepare
Begin MonoManager ReloadAssembly
- Loaded All Assemblies, in  0.806 seconds
Refreshing native plugins compatible for Editor in 1.31 ms, found 4 plugins.
Native extension for UWP target not found
Native extension for WindowsStandalone target not found
Native extension for WebGL target not found
[Package Manager] Failed to launch server process. Reason: Unity was launched with the -noUpm command-line argument
[Package Manager] Unable to send message (not connected to server process).
[Package Manager] Cannot connect to Unity Package Manager local server
Mono: successfully reloaded assembly
- Finished resetting the current domain, in  0.807 seconds
Domain Reload Profiling: 1615ms
	BeginReloadAssembly (236ms)
		ExecutionOrderSort (0ms)
		DisableScriptedObjects (15ms)
		BackupInstance (0ms)
		ReleaseScriptingObjects (0ms)
		CreateAndSetChildDomain (60ms)
	RebuildCommonClasses (36ms)
	RebuildNativeTypeToScriptingClass (14ms)
	initialDomainReloadingComplete (31ms)
	LoadAllAssembliesAndSetupDomain (491ms)
		LoadAssemblies (370ms)
		RebuildTransferFunctionScriptingTraits (0ms)
		AnalyzeDomain (226ms)
			TypeCache.Refresh (12ms)
				TypeCache.ScanAssembly (1ms)
			BuildScriptInfoCaches (195ms)
			ResolveRequiredComponents (14ms)
	FinalizeReload (807ms)
		ReleaseScriptCaches (0ms)
		RebuildScriptCaches (0ms)
		SetupLoadedEditorAssemblies (635ms)
			LogAssemblyErrors (0ms)
			InitializePlatformSupportModulesInManaged (3ms)
			SetLoadedEditorAssemblies (6ms)
			BeforeProcessingInitializeOnLoad (133ms)
			ProcessInitializeOnLoadAttributes (421ms)
			ProcessInitializeOnLoadMethodAttributes (70ms)
			AfterProcessingInitializeOnLoad (2ms)
			EditorAssembliesLoaded (0ms)
		ExecutionOrderSort2 (0ms)
		AwakeInstancesAfterBackupRestoration (16ms)
Refreshing native plugins compatible for Editor in 1.39 ms, found 4 plugins.
Preloading 0 native plugins for Editor in 0.00 ms.
Unloading 13 Unused Serialized files (Serialized files now loaded: 0)
Unloading 6739 unused Assets / (3.3 MB). Loaded Objects now: 7532.
Memory consumption went from 156.8 MB to 153.5 MB.
Total: 7.727600 ms (FindLiveObjects: 0.729800 ms CreateObjectMapping: 0.316700 ms MarkObjects: 4.782200 ms  DeleteObjects: 1.890100 ms)

Prepare: number of updated asset objects reloaded= 0
========================================================================
Received Prepare
Refreshing native plugins compatible for Editor in 1.72 ms, found 4 plugins.
Preloading 0 native plugins for Editor in 0.00 ms.
Unloading 13 Unused Serialized files (Serialized files now loaded: 0)
Unloading 6728 unused Assets / (4.4 MB). Loaded Objects now: 7532.
Memory consumption went from 157.0 MB to 152.6 MB.
Total: 26.816000 ms (FindLiveObjects: 0.751800 ms CreateObjectMapping: 0.403000 ms MarkObjects: 5.133700 ms  DeleteObjects: 20.526100 ms)

Prepare: number of updated asset objects reloaded= 0
========================================================================
Received Import Request.
  Time since last request: 37.869342 seconds.
  path: Assets/Scripts/PlayerController.cs
  artifactKey: Guid(b7e3fd0acd209784d88e1ea9dcfc4685) Importer(815301076,1909f56bfc062723c751e8b465ee728b)
Start importing Assets/Scripts/PlayerController.cs using Guid(b7e3fd0acd209784d88e1ea9dcfc4685) Importer(815301076,1909f56bfc062723c751e8b465ee728b) (PreviewImporter) -> (artifact id: '798c81102ff416aecf5aeabef5b7c160') in 0.0119236 seconds
Number of updated asset objects reloaded before import = 0Number of asset objects unloaded after import = 0

========================================================================
Received Prepare
Begin MonoManager ReloadAssembly
- Loaded All Assemblies, in  0.815 seconds
Refreshing native plugins compatible for Editor in 1.24 ms, found 4 plugins.
Native extension for UWP target not found
Native extension for WindowsStandalone target not found
Native extension for WebGL target not found
[Package Manager] Failed to launch server process. Reason: Unity was launched with the -noUpm command-line argument
[Package Manager] Unable to send message (not connected to server process).
[Package Manager] Cannot connect to Unity Package Manager local server
Mono: successfully reloaded assembly
- Finished resetting the current domain, in  0.825 seconds
Domain Reload Profiling: 1643ms
	BeginReloadAssembly (235ms)
		ExecutionOrderSort (0ms)
		DisableScriptedObjects (19ms)
		BackupInstance (0ms)
		ReleaseScriptingObjects (0ms)
		CreateAndSetChildDomain (64ms)
	RebuildCommonClasses (40ms)
	RebuildNativeTypeToScriptingClass (15ms)
	initialDomainReloadingComplete (31ms)
	LoadAllAssembliesAndSetupDomain (497ms)
		LoadAssemblies (361ms)
		RebuildTransferFunctionScriptingTraits (0ms)
		AnalyzeDomain (230ms)
			TypeCache.Refresh (12ms)
				TypeCache.ScanAssembly (1ms)
			BuildScriptInfoCaches (200ms)
			ResolveRequiredComponents (13ms)
	FinalizeReload (825ms)
		ReleaseScriptCaches (0ms)
		RebuildScriptCaches (0ms)
		SetupLoadedEditorAssemblies (655ms)
			LogAssemblyErrors (0ms)
			InitializePlatformSupportModulesInManaged (3ms)
			SetLoadedEditorAssemblies (7ms)
			BeforeProcessingInitializeOnLoad (142ms)
			ProcessInitializeOnLoadAttributes (433ms)
			ProcessInitializeOnLoadMethodAttributes (68ms)
			AfterProcessingInitializeOnLoad (2ms)
			EditorAssembliesLoaded (0ms)
		ExecutionOrderSort2 (0ms)
		AwakeInstancesAfterBackupRestoration (14ms)
Refreshing native plugins compatible for Editor in 1.78 ms, found 4 plugins.
Preloading 0 native plugins for Editor in 0.00 ms.
Unloading 13 Unused Serialized files (Serialized files now loaded: 0)
Unloading 6739 unused Assets / (3.9 MB). Loaded Objects now: 7535.
Memory consumption went from 156.8 MB to 152.9 MB.
Total: 7.385100 ms (FindLiveObjects: 0.704000 ms CreateObjectMapping: 0.319100 ms MarkObjects: 4.560800 ms  DeleteObjects: 1.800200 ms)

Prepare: number of updated asset objects reloaded= 0
========================================================================
Received Prepare
Refreshing native plugins compatible for Editor in 1.14 ms, found 4 plugins.
Preloading 0 native plugins for Editor in 0.00 ms.
Unloading 13 Unused Serialized files (Serialized files now loaded: 0)
Unloading 6728 unused Assets / (3.3 MB). Loaded Objects now: 7535.
Memory consumption went from 157.0 MB to 153.7 MB.
Total: 5.143100 ms (FindLiveObjects: 0.762600 ms CreateObjectMapping: 0.180800 ms MarkObjects: 3.048800 ms  DeleteObjects: 1.145100 ms)

Prepare: number of updated asset objects reloaded= 0
========================================================================
Received Import Request.
  Time since last request: 149.914510 seconds.
  path: Assets/Scripts/PlayerController.cs
  artifactKey: Guid(b7e3fd0acd209784d88e1ea9dcfc4685) Importer(815301076,1909f56bfc062723c751e8b465ee728b)
Start importing Assets/Scripts/PlayerController.cs using Guid(b7e3fd0acd209784d88e1ea9dcfc4685) Importer(815301076,1909f56bfc062723c751e8b465ee728b) (PreviewImporter) -> (artifact id: '1e4649ca096ca8f49613cc05d15793fa') in 0.0091286 seconds
Number of updated asset objects reloaded before import = 0Number of asset objects unloaded after import = 0

========================================================================
Received Prepare
Refreshing native plugins compatible for Editor in 0.72 ms, found 4 plugins.
Preloading 0 native plugins for Editor in 0.00 ms.
Unloading 13 Unused Serialized files (Serialized files now loaded: 0)
Unloading 6728 unused Assets / (3.8 MB). Loaded Objects now: 7535.
Memory consumption went from 157.0 MB to 153.2 MB.
Total: 5.151600 ms (FindLiveObjects: 0.394500 ms CreateObjectMapping: 0.233600 ms MarkObjects: 3.330700 ms  DeleteObjects: 1.191800 ms)

Prepare: number of updated asset objects reloaded= 0
========================================================================
Received Import Request.
  Time since last request: 81.682743 seconds.
  path: Assets/Scripts/PlayerController.cs
  artifactKey: Guid(b7e3fd0acd209784d88e1ea9dcfc4685) Importer(815301076,1909f56bfc062723c751e8b465ee728b)
Start importing Assets/Scripts/PlayerController.cs using Guid(b7e3fd0acd209784d88e1ea9dcfc4685) Importer(815301076,1909f56bfc062723c751e8b465ee728b) (PreviewImporter) -> (artifact id: '137d3279ba367e17545ba75f9a0ce2a4') in 0.0028216 seconds
Number of updated asset objects reloaded before import = 0Number of asset objects unloaded after import = 0

========================================================================
Received Prepare
Begin MonoManager ReloadAssembly
- Loaded All Assemblies, in  0.430 seconds
Refreshing native plugins compatible for Editor in 0.64 ms, found 4 plugins.
Native extension for UWP target not found
Native extension for WindowsStandalone target not found
Native extension for WebGL target not found
[Package Manager] Failed to launch server process. Reason: Unity was launched with the -noUpm command-line argument
[Package Manager] Unable to send message (not connected to server process).
[Package Manager] Cannot connect to Unity Package Manager local server
Mono: successfully reloaded assembly
- Finished resetting the current domain, in  0.461 seconds
Domain Reload Profiling: 893ms
	BeginReloadAssembly (129ms)
		ExecutionOrderSort (0ms)
		DisableScriptedObjects (10ms)
		BackupInstance (0ms)
		ReleaseScriptingObjects (0ms)
		CreateAndSetChildDomain (27ms)
	RebuildCommonClasses (21ms)
	RebuildNativeTypeToScriptingClass (8ms)
	initialDomainReloadingComplete (15ms)
	LoadAllAssembliesAndSetupDomain (259ms)
		LoadAssemblies (187ms)
		RebuildTransferFunctionScriptingTraits (0ms)
		AnalyzeDomain (126ms)
			TypeCache.Refresh (7ms)
				TypeCache.ScanAssembly (0ms)
			BuildScriptInfoCaches (109ms)
			ResolveRequiredComponents (7ms)
	FinalizeReload (462ms)
		ReleaseScriptCaches (0ms)
		RebuildScriptCaches (0ms)
		SetupLoadedEditorAssemblies (367ms)
			LogAssemblyErrors (0ms)
			InitializePlatformSupportModulesInManaged (2ms)
			SetLoadedEditorAssemblies (4ms)
			BeforeProcessingInitializeOnLoad (73ms)
			ProcessInitializeOnLoadAttributes (246ms)
			ProcessInitializeOnLoadMethodAttributes (40ms)
			AfterProcessingInitializeOnLoad (1ms)
			EditorAssembliesLoaded (0ms)
		ExecutionOrderSort2 (0ms)
		AwakeInstancesAfterBackupRestoration (11ms)
Refreshing native plugins compatible for Editor in 0.94 ms, found 4 plugins.
Preloading 0 native plugins for Editor in 0.00 ms.
Unloading 13 Unused Serialized files (Serialized files now loaded: 0)
Unloading 6739 unused Assets / (3.7 MB). Loaded Objects now: 7538.
Memory consumption went from 156.9 MB to 153.2 MB.
Total: 4.955100 ms (FindLiveObjects: 0.402800 ms CreateObjectMapping: 0.273400 ms MarkObjects: 3.075300 ms  DeleteObjects: 1.202600 ms)

Prepare: number of updated asset objects reloaded= 0
========================================================================
Received Prepare
Begin MonoManager ReloadAssembly
- Loaded All Assemblies, in  0.427 seconds
Refreshing native plugins compatible for Editor in 0.75 ms, found 4 plugins.
Native extension for UWP target not found
Native extension for WindowsStandalone target not found
Native extension for WebGL target not found
[Package Manager] Failed to launch server process. Reason: Unity was launched with the -noUpm command-line argument
[Package Manager] Unable to send message (not connected to server process).
[Package Manager] Cannot connect to Unity Package Manager local server
Mono: successfully reloaded assembly
- Finished resetting the current domain, in  0.427 seconds
Domain Reload Profiling: 857ms
	BeginReloadAssembly (129ms)
		ExecutionOrderSort (0ms)
		DisableScriptedObjects (8ms)
		BackupInstance (0ms)
		ReleaseScriptingObjects (0ms)
		CreateAndSetChildDomain (29ms)
	RebuildCommonClasses (21ms)
	RebuildNativeTypeToScriptingClass (8ms)
	initialDomainReloadingComplete (14ms)
	LoadAllAssembliesAndSetupDomain (257ms)
		LoadAssemblies (188ms)
		RebuildTransferFunctionScriptingTraits (0ms)
		AnalyzeDomain (124ms)
			TypeCache.Refresh (5ms)
				TypeCache.ScanAssembly (0ms)
			BuildScriptInfoCaches (109ms)
			ResolveRequiredComponents (7ms)
	FinalizeReload (428ms)
		ReleaseScriptCaches (0ms)
		RebuildScriptCaches (0ms)
		SetupLoadedEditorAssemblies (336ms)
			LogAssemblyErrors (0ms)
			InitializePlatformSupportModulesInManaged (2ms)
			SetLoadedEditorAssemblies (3ms)
			BeforeProcessingInitializeOnLoad (70ms)
			ProcessInitializeOnLoadAttributes (224ms)
			ProcessInitializeOnLoadMethodAttributes (35ms)
			AfterProcessingInitializeOnLoad (1ms)
			EditorAssembliesLoaded (0ms)
		ExecutionOrderSort2 (0ms)
		AwakeInstancesAfterBackupRestoration (9ms)
Refreshing native plugins compatible for Editor in 0.87 ms, found 4 plugins.
Preloading 0 native plugins for Editor in 0.00 ms.
Unloading 13 Unused Serialized files (Serialized files now loaded: 0)
Unloading 6739 unused Assets / (3.7 MB). Loaded Objects now: 7541.
Memory consumption went from 158.8 MB to 155.1 MB.
Total: 5.125900 ms (FindLiveObjects: 0.444900 ms CreateObjectMapping: 0.307900 ms MarkObjects: 3.080600 ms  DeleteObjects: 1.291900 ms)

Prepare: number of updated asset objects reloaded= 0
========================================================================
Received Prepare
Begin MonoManager ReloadAssembly
- Loaded All Assemblies, in  0.421 seconds
Refreshing native plugins compatible for Editor in 0.63 ms, found 4 plugins.
Native extension for UWP target not found
Native extension for WindowsStandalone target not found
Native extension for WebGL target not found
[Package Manager] Failed to launch server process. Reason: Unity was launched with the -noUpm command-line argument
[Package Manager] Unable to send message (not connected to server process).
[Package Manager] Cannot connect to Unity Package Manager local server
Mono: successfully reloaded assembly
- Finished resetting the current domain, in  0.453 seconds
Domain Reload Profiling: 877ms
	BeginReloadAssembly (124ms)
		ExecutionOrderSort (0ms)
		DisableScriptedObjects (8ms)
		BackupInstance (0ms)
		ReleaseScriptingObjects (0ms)
		CreateAndSetChildDomain (27ms)
	RebuildCommonClasses (21ms)
	RebuildNativeTypeToScriptingClass (12ms)
	initialDomainReloadingComplete (14ms)
	LoadAllAssembliesAndSetupDomain (252ms)
		LoadAssemblies (180ms)
		RebuildTransferFunctionScriptingTraits (0ms)
		AnalyzeDomain (124ms)
			TypeCache.Refresh (5ms)
				TypeCache.ScanAssembly (0ms)
			BuildScriptInfoCaches (110ms)
			ResolveRequiredComponents (7ms)
	FinalizeReload (454ms)
		ReleaseScriptCaches (0ms)
		RebuildScriptCaches (0ms)
		SetupLoadedEditorAssemblies (356ms)
			LogAssemblyErrors (0ms)
			InitializePlatformSupportModulesInManaged (2ms)
			SetLoadedEditorAssemblies (4ms)
			BeforeProcessingInitializeOnLoad (70ms)
			ProcessInitializeOnLoadAttributes (239ms)
			ProcessInitializeOnLoadMethodAttributes (41ms)
			AfterProcessingInitializeOnLoad (1ms)
			EditorAssembliesLoaded (0ms)
		ExecutionOrderSort2 (0ms)
		AwakeInstancesAfterBackupRestoration (10ms)
Refreshing native plugins compatible for Editor in 0.95 ms, found 4 plugins.
Preloading 0 native plugins for Editor in 0.00 ms.
Unloading 13 Unused Serialized files (Serialized files now loaded: 0)
Unloading 6739 unused Assets / (3.8 MB). Loaded Objects now: 7544.
Memory consumption went from 158.8 MB to 155.0 MB.
Total: 5.162100 ms (FindLiveObjects: 0.441900 ms CreateObjectMapping: 0.210900 ms MarkObjects: 3.230700 ms  DeleteObjects: 1.277700 ms)

Prepare: number of updated asset objects reloaded= 0
========================================================================
Received Prepare
Begin MonoManager ReloadAssembly
- Loaded All Assemblies, in  0.425 seconds
Refreshing native plugins compatible for Editor in 0.62 ms, found 4 plugins.
Native extension for UWP target not found
Native extension for WindowsStandalone target not found
Native extension for WebGL target not found
[Package Manager] Failed to launch server process. Reason: Unity was launched with the -noUpm command-line argument
[Package Manager] Unable to send message (not connected to server process).
[Package Manager] Cannot connect to Unity Package Manager local server
Mono: successfully reloaded assembly
- Finished resetting the current domain, in  0.445 seconds
Domain Reload Profiling: 873ms
	BeginReloadAssembly (123ms)
		ExecutionOrderSort (0ms)
		DisableScriptedObjects (8ms)
		BackupInstance (0ms)
		ReleaseScriptingObjects (0ms)
		CreateAndSetChildDomain (25ms)
	RebuildCommonClasses (21ms)
	RebuildNativeTypeToScriptingClass (8ms)
	initialDomainReloadingComplete (15ms)
	LoadAllAssembliesAndSetupDomain (260ms)
		LoadAssemblies (189ms)
		RebuildTransferFunctionScriptingTraits (0ms)
		AnalyzeDomain (125ms)
			TypeCache.Refresh (5ms)
				TypeCache.ScanAssembly (0ms)
			BuildScriptInfoCaches (109ms)
			ResolveRequiredComponents (8ms)
	FinalizeReload (445ms)
		ReleaseScriptCaches (0ms)
		RebuildScriptCaches (0ms)
		SetupLoadedEditorAssemblies (343ms)
			LogAssemblyErrors (0ms)
			InitializePlatformSupportModulesInManaged (2ms)
			SetLoadedEditorAssemblies (3ms)
			BeforeProcessingInitializeOnLoad (70ms)
			ProcessInitializeOnLoadAttributes (228ms)
			ProcessInitializeOnLoadMethodAttributes (38ms)
			AfterProcessingInitializeOnLoad (1ms)
			EditorAssembliesLoaded (0ms)
		ExecutionOrderSort2 (0ms)
		AwakeInstancesAfterBackupRestoration (9ms)
Refreshing native plugins compatible for Editor in 0.94 ms, found 4 plugins.
Preloading 0 native plugins for Editor in 0.00 ms.
Unloading 13 Unused Serialized files (Serialized files now loaded: 0)
Unloading 6739 unused Assets / (3.9 MB). Loaded Objects now: 7547.
Memory consumption went from 158.9 MB to 155.0 MB.
Total: 4.669300 ms (FindLiveObjects: 0.384600 ms CreateObjectMapping: 0.230000 ms MarkObjects: 2.777400 ms  DeleteObjects: 1.276600 ms)

Prepare: number of updated asset objects reloaded= 0
========================================================================
Received Prepare
Refreshing native plugins compatible for Editor in 1.44 ms, found 4 plugins.
Preloading 0 native plugins for Editor in 0.00 ms.
Unloading 13 Unused Serialized files (Serialized files now loaded: 0)
Unloading 6728 unused Assets / (3.1 MB). Loaded Objects now: 7547.
Memory consumption went from 159.1 MB to 156.0 MB.
Total: 8.712200 ms (FindLiveObjects: 0.721900 ms CreateObjectMapping: 0.374500 ms MarkObjects: 5.757000 ms  DeleteObjects: 1.857900 ms)

Prepare: number of updated asset objects reloaded= 0
========================================================================
Received Prepare
Begin MonoManager ReloadAssembly
- Loaded All Assemblies, in  0.432 seconds
Refreshing native plugins compatible for Editor in 0.63 ms, found 4 plugins.
Native extension for UWP target not found
Native extension for WindowsStandalone target not found
Native extension for WebGL target not found
[Package Manager] Failed to launch server process. Reason: Unity was launched with the -noUpm command-line argument
[Package Manager] Unable to send message (not connected to server process).
[Package Manager] Cannot connect to Unity Package Manager local server
Mono: successfully reloaded assembly
- Finished resetting the current domain, in  0.433 seconds
Domain Reload Profiling: 868ms
	BeginReloadAssembly (130ms)
		ExecutionOrderSort (0ms)
		DisableScriptedObjects (9ms)
		BackupInstance (0ms)
		ReleaseScriptingObjects (0ms)
		CreateAndSetChildDomain (28ms)
	RebuildCommonClasses (23ms)
	RebuildNativeTypeToScriptingClass (8ms)
	initialDomainReloadingComplete (15ms)
	LoadAllAssembliesAndSetupDomain (260ms)
		LoadAssemblies (188ms)
		RebuildTransferFunctionScriptingTraits (0ms)
		AnalyzeDomain (127ms)
			TypeCache.Refresh (7ms)
				TypeCache.ScanAssembly (0ms)
			BuildScriptInfoCaches (109ms)
			ResolveRequiredComponents (7ms)
	FinalizeReload (433ms)
		ReleaseScriptCaches (0ms)
		RebuildScriptCaches (0ms)
		SetupLoadedEditorAssemblies (336ms)
			LogAssemblyErrors (0ms)
			InitializePlatformSupportModulesInManaged (2ms)
			SetLoadedEditorAssemblies (3ms)
			BeforeProcessingInitializeOnLoad (74ms)
			ProcessInitializeOnLoadAttributes (224ms)
			ProcessInitializeOnLoadMethodAttributes (32ms)
			AfterProcessingInitializeOnLoad (1ms)
			EditorAssembliesLoaded (0ms)
		ExecutionOrderSort2 (0ms)
		AwakeInstancesAfterBackupRestoration (8ms)
Refreshing native plugins compatible for Editor in 0.66 ms, found 4 plugins.
Preloading 0 native plugins for Editor in 0.00 ms.
Unloading 13 Unused Serialized files (Serialized files now loaded: 0)
Unloading 6739 unused Assets / (3.9 MB). Loaded Objects now: 7550.
Memory consumption went from 158.9 MB to 155.1 MB.
Total: 4.649500 ms (FindLiveObjects: 0.398800 ms CreateObjectMapping: 0.239700 ms MarkObjects: 2.857000 ms  DeleteObjects: 1.153300 ms)

Prepare: number of updated asset objects reloaded= 0
========================================================================
Received Prepare
Refreshing native plugins compatible for Editor in 1.48 ms, found 4 plugins.
Preloading 0 native plugins for Editor in 0.00 ms.
Unloading 13 Unused Serialized files (Serialized files now loaded: 0)
Unloading 6728 unused Assets / (3.7 MB). Loaded Objects now: 7550.
Memory consumption went from 159.1 MB to 155.4 MB.
Total: 8.920500 ms (FindLiveObjects: 0.793600 ms CreateObjectMapping: 0.360500 ms MarkObjects: 5.542200 ms  DeleteObjects: 2.223200 ms)

Prepare: number of updated asset objects reloaded= 0
========================================================================
Received Prepare
Refreshing native plugins compatible for Editor in 0.75 ms, found 4 plugins.
Preloading 0 native plugins for Editor in 0.00 ms.
Unloading 13 Unused Serialized files (Serialized files now loaded: 0)
Unloading 6728 unused Assets / (3.9 MB). Loaded Objects now: 7550.
Memory consumption went from 159.1 MB to 155.2 MB.
Total: 4.920900 ms (FindLiveObjects: 0.409200 ms CreateObjectMapping: 0.264800 ms MarkObjects: 3.065500 ms  DeleteObjects: 1.180400 ms)

Prepare: number of updated asset objects reloaded= 0
========================================================================
Received Import Request.
  Time since last request: 457.365112 seconds.
  path: Assets/Scripts/LoopBackground.cs
  artifactKey: Guid(214a24d32fdbd31449ceb18b43ee66c6) Importer(815301076,1909f56bfc062723c751e8b465ee728b)
Start importing Assets/Scripts/LoopBackground.cs using Guid(214a24d32fdbd31449ceb18b43ee66c6) Importer(815301076,1909f56bfc062723c751e8b465ee728b) (PreviewImporter) -> (artifact id: 'd5738ef3300e1669508460e2317b3a0f') in 0.0287273 seconds
Number of updated asset objects reloaded before import = 0Number of asset objects unloaded after import = 0

========================================================================
Received Prepare
Begin MonoManager ReloadAssembly
- Loaded All Assemblies, in  0.450 seconds
Refreshing native plugins compatible for Editor in 1.01 ms, found 4 plugins.
Native extension for UWP target not found
Native extension for WindowsStandalone target not found
Native extension for WebGL target not found
[Package Manager] Failed to launch server process. Reason: Unity was launched with the -noUpm command-line argument
[Package Manager] Unable to send message (not connected to server process).
[Package Manager] Cannot connect to Unity Package Manager local server
Mono: successfully reloaded assembly
- Finished resetting the current domain, in  0.439 seconds
Domain Reload Profiling: 891ms
	BeginReloadAssembly (147ms)
		ExecutionOrderSort (0ms)
		DisableScriptedObjects (8ms)
		BackupInstance (0ms)
		ReleaseScriptingObjects (0ms)
		CreateAndSetChildDomain (42ms)
	RebuildCommonClasses (22ms)
	RebuildNativeTypeToScriptingClass (8ms)
	initialDomainReloadingComplete (15ms)
	LoadAllAssembliesAndSetupDomain (261ms)
		LoadAssemblies (196ms)
		RebuildTransferFunctionScriptingTraits (0ms)
		AnalyzeDomain (123ms)
			TypeCache.Refresh (7ms)
				TypeCache.ScanAssembly (0ms)
			BuildScriptInfoCaches (107ms)
			ResolveRequiredComponents (7ms)
	FinalizeReload (439ms)
		ReleaseScriptCaches (0ms)
		RebuildScriptCaches (0ms)
		SetupLoadedEditorAssemblies (344ms)
			LogAssemblyErrors (0ms)
			InitializePlatformSupportModulesInManaged (2ms)
			SetLoadedEditorAssemblies (3ms)
			BeforeProcessingInitializeOnLoad (70ms)
			ProcessInitializeOnLoadAttributes (236ms)
			ProcessInitializeOnLoadMethodAttributes (32ms)
			AfterProcessingInitializeOnLoad (1ms)
			EditorAssembliesLoaded (0ms)
		ExecutionOrderSort2 (0ms)
		AwakeInstancesAfterBackupRestoration (10ms)
Refreshing native plugins compatible for Editor in 0.69 ms, found 4 plugins.
Preloading 0 native plugins for Editor in 0.00 ms.
Unloading 13 Unused Serialized files (Serialized files now loaded: 0)
Unloading 6739 unused Assets / (3.8 MB). Loaded Objects now: 7553.
Memory consumption went from 159.0 MB to 155.2 MB.
Total: 4.528700 ms (FindLiveObjects: 0.373400 ms CreateObjectMapping: 0.220800 ms MarkObjects: 2.755100 ms  DeleteObjects: 1.178800 ms)

Prepare: number of updated asset objects reloaded= 0
========================================================================
Received Prepare
Begin MonoManager ReloadAssembly
- Loaded All Assemblies, in  0.431 seconds
Refreshing native plugins compatible for Editor in 0.63 ms, found 4 plugins.
Native extension for UWP target not found
Native extension for WindowsStandalone target not found
Native extension for WebGL target not found
[Package Manager] Failed to launch server process. Reason: Unity was launched with the -noUpm command-line argument
[Package Manager] Unable to send message (not connected to server process).
[Package Manager] Cannot connect to Unity Package Manager local server
Mono: successfully reloaded assembly
- Finished resetting the current domain, in  0.468 seconds
Domain Reload Profiling: 901ms
	BeginReloadAssembly (130ms)
		ExecutionOrderSort (0ms)
		DisableScriptedObjects (8ms)
		BackupInstance (0ms)
		ReleaseScriptingObjects (0ms)
		CreateAndSetChildDomain (30ms)
	RebuildCommonClasses (21ms)
	RebuildNativeTypeToScriptingClass (8ms)
	initialDomainReloadingComplete (14ms)
	LoadAllAssembliesAndSetupDomain (260ms)
		LoadAssemblies (188ms)
		RebuildTransferFunctionScriptingTraits (0ms)
		AnalyzeDomain (127ms)
			TypeCache.Refresh (5ms)
				TypeCache.ScanAssembly (0ms)
			BuildScriptInfoCaches (111ms)
			ResolveRequiredComponents (7ms)
	FinalizeReload (468ms)
		ReleaseScriptCaches (0ms)
		RebuildScriptCaches (0ms)
		SetupLoadedEditorAssemblies (370ms)
			LogAssemblyErrors (0ms)
			InitializePlatformSupportModulesInManaged (2ms)
			SetLoadedEditorAssemblies (3ms)
			BeforeProcessingInitializeOnLoad (70ms)
			ProcessInitializeOnLoadAttributes (249ms)
			ProcessInitializeOnLoadMethodAttributes (44ms)
			AfterProcessingInitializeOnLoad (1ms)
			EditorAssembliesLoaded (0ms)
		ExecutionOrderSort2 (0ms)
		AwakeInstancesAfterBackupRestoration (10ms)
Refreshing native plugins compatible for Editor in 1.46 ms, found 4 plugins.
Preloading 0 native plugins for Editor in 0.00 ms.
Unloading 13 Unused Serialized files (Serialized files now loaded: 0)
Unloading 6739 unused Assets / (3.6 MB). Loaded Objects now: 7556.
Memory consumption went from 159.0 MB to 155.4 MB.
Total: 4.800300 ms (FindLiveObjects: 0.430700 ms CreateObjectMapping: 0.215600 ms MarkObjects: 2.985200 ms  DeleteObjects: 1.167900 ms)

Prepare: number of updated asset objects reloaded= 0
========================================================================
Received Prepare
Begin MonoManager ReloadAssembly
- Loaded All Assemblies, in  0.428 seconds
Refreshing native plugins compatible for Editor in 0.70 ms, found 4 plugins.
Native extension for UWP target not found
Native extension for WindowsStandalone target not found
Native extension for WebGL target not found
[Package Manager] Failed to launch server process. Reason: Unity was launched with the -noUpm command-line argument
[Package Manager] Unable to send message (not connected to server process).
[Package Manager] Cannot connect to Unity Package Manager local server
Mono: successfully reloaded assembly
- Finished resetting the current domain, in  0.466 seconds
Domain Reload Profiling: 896ms
	BeginReloadAssembly (125ms)
		ExecutionOrderSort (0ms)
		DisableScriptedObjects (8ms)
		BackupInstance (0ms)
		ReleaseScriptingObjects (0ms)
		CreateAndSetChildDomain (28ms)
	RebuildCommonClasses (21ms)
	RebuildNativeTypeToScriptingClass (8ms)
	initialDomainReloadingComplete (14ms)
	LoadAllAssembliesAndSetupDomain (263ms)
		LoadAssemblies (186ms)
		RebuildTransferFunctionScriptingTraits (0ms)
		AnalyzeDomain (129ms)
			TypeCache.Refresh (5ms)
				TypeCache.ScanAssembly (0ms)
			BuildScriptInfoCaches (114ms)
			ResolveRequiredComponents (7ms)
	FinalizeReload (466ms)
		ReleaseScriptCaches (0ms)
		RebuildScriptCaches (0ms)
		SetupLoadedEditorAssemblies (365ms)
			LogAssemblyErrors (0ms)
			InitializePlatformSupportModulesInManaged (2ms)
			SetLoadedEditorAssemblies (3ms)
			BeforeProcessingInitializeOnLoad (71ms)
			ProcessInitializeOnLoadAttributes (244ms)
			ProcessInitializeOnLoadMethodAttributes (43ms)
			AfterProcessingInitializeOnLoad (1ms)
			EditorAssembliesLoaded (0ms)
		ExecutionOrderSort2 (0ms)
		AwakeInstancesAfterBackupRestoration (11ms)
Refreshing native plugins compatible for Editor in 0.89 ms, found 4 plugins.
Preloading 0 native plugins for Editor in 0.00 ms.
Unloading 13 Unused Serialized files (Serialized files now loaded: 0)
Unloading 6739 unused Assets / (4.0 MB). Loaded Objects now: 7559.
Memory consumption went from 159.1 MB to 155.0 MB.
Total: 4.925900 ms (FindLiveObjects: 0.403000 ms CreateObjectMapping: 0.234300 ms MarkObjects: 2.906400 ms  DeleteObjects: 1.381600 ms)

Prepare: number of updated asset objects reloaded= 0
========================================================================
Received Prepare
Refreshing native plugins compatible for Editor in 0.73 ms, found 4 plugins.
Preloading 0 native plugins for Editor in 0.00 ms.
Unloading 13 Unused Serialized files (Serialized files now loaded: 0)
Unloading 6728 unused Assets / (4.0 MB). Loaded Objects now: 7559.
Memory consumption went from 159.2 MB to 155.2 MB.
Total: 7.072800 ms (FindLiveObjects: 0.733000 ms CreateObjectMapping: 0.392600 ms MarkObjects: 3.261800 ms  DeleteObjects: 2.684300 ms)

Prepare: number of updated asset objects reloaded= 0
========================================================================
Received Prepare
Begin MonoManager ReloadAssembly
- Loaded All Assemblies, in  0.439 seconds
Refreshing native plugins compatible for Editor in 0.88 ms, found 4 plugins.
Native extension for UWP target not found
Native extension for WindowsStandalone target not found
Native extension for WebGL target not found
[Package Manager] Failed to launch server process. Reason: Unity was launched with the -noUpm command-line argument
[Package Manager] Unable to send message (not connected to server process).
[Package Manager] Cannot connect to Unity Package Manager local server
Mono: successfully reloaded assembly
- Finished resetting the current domain, in  0.443 seconds
Domain Reload Profiling: 884ms
	BeginReloadAssembly (131ms)
		ExecutionOrderSort (0ms)
		DisableScriptedObjects (9ms)
		BackupInstance (0ms)
		ReleaseScriptingObjects (0ms)
		CreateAndSetChildDomain (29ms)
	RebuildCommonClasses (21ms)
	RebuildNativeTypeToScriptingClass (8ms)
	initialDomainReloadingComplete (18ms)
	LoadAllAssembliesAndSetupDomain (262ms)
		LoadAssemblies (192ms)
		RebuildTransferFunctionScriptingTraits (0ms)
		AnalyzeDomain (125ms)
			TypeCache.Refresh (7ms)
				TypeCache.ScanAssembly (0ms)
			BuildScriptInfoCaches (107ms)
			ResolveRequiredComponents (7ms)
	FinalizeReload (443ms)
		ReleaseScriptCaches (0ms)
		RebuildScriptCaches (0ms)
		SetupLoadedEditorAssemblies (348ms)
			LogAssemblyErrors (0ms)
			InitializePlatformSupportModulesInManaged (2ms)
			SetLoadedEditorAssemblies (3ms)
			BeforeProcessingInitializeOnLoad (75ms)
			ProcessInitializeOnLoadAttributes (224ms)
			ProcessInitializeOnLoadMethodAttributes (43ms)
			AfterProcessingInitializeOnLoad (1ms)
			EditorAssembliesLoaded (0ms)
		ExecutionOrderSort2 (0ms)
		AwakeInstancesAfterBackupRestoration (8ms)
Refreshing native plugins compatible for Editor in 0.69 ms, found 4 plugins.
Preloading 0 native plugins for Editor in 0.00 ms.
Unloading 13 Unused Serialized files (Serialized files now loaded: 0)
Unloading 6739 unused Assets / (3.3 MB). Loaded Objects now: 7562.
Memory consumption went from 159.1 MB to 155.8 MB.
Total: 6.592000 ms (FindLiveObjects: 0.769100 ms CreateObjectMapping: 0.361600 ms MarkObjects: 4.200900 ms  DeleteObjects: 1.259600 ms)

Prepare: number of updated asset objects reloaded= 0
========================================================================
Received Prepare
Refreshing native plugins compatible for Editor in 0.73 ms, found 4 plugins.
Preloading 0 native plugins for Editor in 0.00 ms.
Unloading 13 Unused Serialized files (Serialized files now loaded: 0)
Unloading 6728 unused Assets / (3.8 MB). Loaded Objects now: 7562.
Memory consumption went from 159.2 MB to 155.5 MB.
Total: 5.373200 ms (FindLiveObjects: 0.394900 ms CreateObjectMapping: 0.254500 ms MarkObjects: 3.434100 ms  DeleteObjects: 1.288500 ms)

Prepare: number of updated asset objects reloaded= 0
========================================================================
Received Prepare
Begin MonoManager ReloadAssembly
- Loaded All Assemblies, in  0.515 seconds
Refreshing native plugins compatible for Editor in 0.87 ms, found 4 plugins.
Native extension for UWP target not found
Native extension for WindowsStandalone target not found
Native extension for WebGL target not found
[Package Manager] Failed to launch server process. Reason: Unity was launched with the -noUpm command-line argument
[Package Manager] Unable to send message (not connected to server process).
[Package Manager] Cannot connect to Unity Package Manager local server
Mono: successfully reloaded assembly
- Finished resetting the current domain, in  0.467 seconds
Domain Reload Profiling: 984ms
	BeginReloadAssembly (155ms)
		ExecutionOrderSort (0ms)
		DisableScriptedObjects (9ms)
		BackupInstance (0ms)
		ReleaseScriptingObjects (0ms)
		CreateAndSetChildDomain (38ms)
	RebuildCommonClasses (25ms)
	RebuildNativeTypeToScriptingClass (9ms)
	initialDomainReloadingComplete (21ms)
	LoadAllAssembliesAndSetupDomain (307ms)
		LoadAssemblies (231ms)
		RebuildTransferFunctionScriptingTraits (0ms)
		AnalyzeDomain (137ms)
			TypeCache.Refresh (7ms)
				TypeCache.ScanAssembly (0ms)
			BuildScriptInfoCaches (120ms)
			ResolveRequiredComponents (7ms)
	FinalizeReload (467ms)
		ReleaseScriptCaches (0ms)
		RebuildScriptCaches (0ms)
		SetupLoadedEditorAssemblies (369ms)
			LogAssemblyErrors (0ms)
			InitializePlatformSupportModulesInManaged (2ms)
			SetLoadedEditorAssemblies (3ms)
			BeforeProcessingInitializeOnLoad (85ms)
			ProcessInitializeOnLoadAttributes (243ms)
			ProcessInitializeOnLoadMethodAttributes (35ms)
			AfterProcessingInitializeOnLoad (1ms)
			EditorAssembliesLoaded (0ms)
		ExecutionOrderSort2 (0ms)
		AwakeInstancesAfterBackupRestoration (10ms)
Refreshing native plugins compatible for Editor in 0.72 ms, found 4 plugins.
Preloading 0 native plugins for Editor in 0.00 ms.
Unloading 13 Unused Serialized files (Serialized files now loaded: 0)
Unloading 6739 unused Assets / (3.8 MB). Loaded Objects now: 7565.
Memory consumption went from 159.1 MB to 155.3 MB.
Total: 4.846600 ms (FindLiveObjects: 0.381500 ms CreateObjectMapping: 0.231700 ms MarkObjects: 3.036400 ms  DeleteObjects: 1.196200 ms)

Prepare: number of updated asset objects reloaded= 0
========================================================================
Received Prepare
Refreshing native plugins compatible for Editor in 0.77 ms, found 4 plugins.
Preloading 0 native plugins for Editor in 0.00 ms.
Unloading 13 Unused Serialized files (Serialized files now loaded: 0)
Unloading 6728 unused Assets / (3.6 MB). Loaded Objects now: 7565.
Memory consumption went from 159.3 MB to 155.7 MB.
Total: 5.377300 ms (FindLiveObjects: 0.452000 ms CreateObjectMapping: 0.209400 ms MarkObjects: 3.549700 ms  DeleteObjects: 1.165300 ms)

Prepare: number of updated asset objects reloaded= 0
========================================================================
Received Import Request.
  Time since last request: 304.987219 seconds.
  path: Assets/Scripts/LoopBackground.cs
  artifactKey: Guid(214a24d32fdbd31449ceb18b43ee66c6) Importer(815301076,1909f56bfc062723c751e8b465ee728b)
Start importing Assets/Scripts/LoopBackground.cs using Guid(214a24d32fdbd31449ceb18b43ee66c6) Importer(815301076,1909f56bfc062723c751e8b465ee728b) (PreviewImporter) -> (artifact id: '8a472a86af3ab6dd7405b0d868d3269b') in 0.024883 seconds
Number of updated asset objects reloaded before import = 0Number of asset objects unloaded after import = 0

========================================================================
Received Prepare
Begin MonoManager ReloadAssembly
- Loaded All Assemblies, in  0.441 seconds
Refreshing native plugins compatible for Editor in 0.66 ms, found 4 plugins.
Native extension for UWP target not found
Native extension for WindowsStandalone target not found
Native extension for WebGL target not found
[Package Manager] Failed to launch server process. Reason: Unity was launched with the -noUpm command-line argument
[Package Manager] Unable to send message (not connected to server process).
[Package Manager] Cannot connect to Unity Package Manager local server
Mono: successfully reloaded assembly
- Finished resetting the current domain, in  0.452 seconds
Domain Reload Profiling: 896ms
	BeginReloadAssembly (140ms)
		ExecutionOrderSort (0ms)
		DisableScriptedObjects (9ms)
		BackupInstance (0ms)
		ReleaseScriptingObjects (0ms)
		CreateAndSetChildDomain (39ms)
	RebuildCommonClasses (21ms)
	RebuildNativeTypeToScriptingClass (8ms)
	initialDomainReloadingComplete (16ms)
	LoadAllAssembliesAndSetupDomain (258ms)
		LoadAssemblies (188ms)
		RebuildTransferFunctionScriptingTraits (0ms)
		AnalyzeDomain (126ms)
			TypeCache.Refresh (8ms)
				TypeCache.ScanAssembly (0ms)
			BuildScriptInfoCaches (108ms)
			ResolveRequiredComponents (7ms)
	FinalizeReload (452ms)
		ReleaseScriptCaches (0ms)
		RebuildScriptCaches (0ms)
		SetupLoadedEditorAssemblies (360ms)
			LogAssemblyErrors (0ms)
			InitializePlatformSupportModulesInManaged (2ms)
			SetLoadedEditorAssemblies (3ms)
			BeforeProcessingInitializeOnLoad (73ms)
			ProcessInitializeOnLoadAttributes (248ms)
			ProcessInitializeOnLoadMethodAttributes (33ms)
			AfterProcessingInitializeOnLoad (1ms)
			EditorAssembliesLoaded (0ms)
		ExecutionOrderSort2 (0ms)
		AwakeInstancesAfterBackupRestoration (9ms)
Refreshing native plugins compatible for Editor in 0.68 ms, found 4 plugins.
Preloading 0 native plugins for Editor in 0.00 ms.
Unloading 13 Unused Serialized files (Serialized files now loaded: 0)
Unloading 6739 unused Assets / (3.8 MB). Loaded Objects now: 7568.
Memory consumption went from 159.2 MB to 155.3 MB.
Total: 4.471700 ms (FindLiveObjects: 0.404500 ms CreateObjectMapping: 0.224800 ms MarkObjects: 2.742200 ms  DeleteObjects: 1.099600 ms)

Prepare: number of updated asset objects reloaded= 0
========================================================================
Received Prepare
Refreshing native plugins compatible for Editor in 0.75 ms, found 4 plugins.
Preloading 0 native plugins for Editor in 0.00 ms.
Unloading 13 Unused Serialized files (Serialized files now loaded: 0)
Unloading 6728 unused Assets / (3.9 MB). Loaded Objects now: 7568.
Memory consumption went from 159.3 MB to 155.5 MB.
Total: 4.919700 ms (FindLiveObjects: 0.402000 ms CreateObjectMapping: 0.231600 ms MarkObjects: 3.176000 ms  DeleteObjects: 1.109100 ms)

Prepare: number of updated asset objects reloaded= 0
========================================================================
Received Prepare
Begin MonoManager ReloadAssembly
- Loaded All Assemblies, in  0.453 seconds
Refreshing native plugins compatible for Editor in 0.64 ms, found 4 plugins.
Native extension for UWP target not found
Native extension for WindowsStandalone target not found
Native extension for WebGL target not found
[Package Manager] Failed to launch server process. Reason: Unity was launched with the -noUpm command-line argument
[Package Manager] Unable to send message (not connected to server process).
[Package Manager] Cannot connect to Unity Package Manager local server
Mono: successfully reloaded assembly
- Finished resetting the current domain, in  0.459 seconds
Domain Reload Profiling: 915ms
	BeginReloadAssembly (133ms)
		ExecutionOrderSort (0ms)
		DisableScriptedObjects (9ms)
		BackupInstance (0ms)
		ReleaseScriptingObjects (0ms)
		CreateAndSetChildDomain (30ms)
	RebuildCommonClasses (32ms)
	RebuildNativeTypeToScriptingClass (8ms)
	initialDomainReloadingComplete (16ms)
	LoadAllAssembliesAndSetupDomain (266ms)
		LoadAssemblies (197ms)
		RebuildTransferFunctionScriptingTraits (0ms)
		AnalyzeDomain (127ms)
			TypeCache.Refresh (7ms)
				TypeCache.ScanAssembly (0ms)
			BuildScriptInfoCaches (110ms)
			ResolveRequiredComponents (7ms)
	FinalizeReload (459ms)
		ReleaseScriptCaches (0ms)
		RebuildScriptCaches (0ms)
		SetupLoadedEditorAssemblies (365ms)
			LogAssemblyErrors (0ms)
			InitializePlatformSupportModulesInManaged (2ms)
			SetLoadedEditorAssemblies (3ms)
			BeforeProcessingInitializeOnLoad (91ms)
			ProcessInitializeOnLoadAttributes (233ms)
			ProcessInitializeOnLoadMethodAttributes (34ms)
			AfterProcessingInitializeOnLoad (1ms)
			EditorAssembliesLoaded (0ms)
		ExecutionOrderSort2 (0ms)
		AwakeInstancesAfterBackupRestoration (8ms)
Refreshing native plugins compatible for Editor in 0.74 ms, found 4 plugins.
Preloading 0 native plugins for Editor in 0.00 ms.
Unloading 13 Unused Serialized files (Serialized files now loaded: 0)
Unloading 6739 unused Assets / (3.5 MB). Loaded Objects now: 7571.
Memory consumption went from 159.2 MB to 155.7 MB.
Total: 5.270000 ms (FindLiveObjects: 0.383300 ms CreateObjectMapping: 0.246000 ms MarkObjects: 3.524600 ms  DeleteObjects: 1.115700 ms)

Prepare: number of updated asset objects reloaded= 0
========================================================================
Received Prepare
Refreshing native plugins compatible for Editor in 0.74 ms, found 4 plugins.
Preloading 0 native plugins for Editor in 0.00 ms.
Unloading 13 Unused Serialized files (Serialized files now loaded: 0)
Unloading 6728 unused Assets / (5.2 MB). Loaded Objects now: 7571.
Memory consumption went from 159.3 MB to 154.2 MB.
Total: 8.049800 ms (FindLiveObjects: 0.846200 ms CreateObjectMapping: 0.376400 ms MarkObjects: 4.564200 ms  DeleteObjects: 2.262200 ms)

Prepare: number of updated asset objects reloaded= 0
========================================================================
Received Prepare
Begin MonoManager ReloadAssembly
- Loaded All Assemblies, in  0.433 seconds
Refreshing native plugins compatible for Editor in 0.75 ms, found 4 plugins.
Native extension for UWP target not found
Native extension for WindowsStandalone target not found
Native extension for WebGL target not found
[Package Manager] Failed to launch server process. Reason: Unity was launched with the -noUpm command-line argument
[Package Manager] Unable to send message (not connected to server process).
[Package Manager] Cannot connect to Unity Package Manager local server
Mono: successfully reloaded assembly
- Finished resetting the current domain, in  0.425 seconds
Domain Reload Profiling: 860ms
	BeginReloadAssembly (129ms)
		ExecutionOrderSort (0ms)
		DisableScriptedObjects (9ms)
		BackupInstance (0ms)
		ReleaseScriptingObjects (0ms)
		CreateAndSetChildDomain (27ms)
	RebuildCommonClasses (22ms)
	RebuildNativeTypeToScriptingClass (8ms)
	initialDomainReloadingComplete (14ms)
	LoadAllAssembliesAndSetupDomain (263ms)
		LoadAssemblies (192ms)
		RebuildTransferFunctionScriptingTraits (0ms)
		AnalyzeDomain (124ms)
			TypeCache.Refresh (7ms)
				TypeCache.ScanAssembly (0ms)
			BuildScriptInfoCaches (107ms)
			ResolveRequiredComponents (7ms)
	FinalizeReload (425ms)
		ReleaseScriptCaches (0ms)
		RebuildScriptCaches (0ms)
		SetupLoadedEditorAssemblies (336ms)
			LogAssemblyErrors (0ms)
			InitializePlatformSupportModulesInManaged (2ms)
			SetLoadedEditorAssemblies (3ms)
			BeforeProcessingInitializeOnLoad (73ms)
			ProcessInitializeOnLoadAttributes (221ms)
			ProcessInitializeOnLoadMethodAttributes (36ms)
			AfterProcessingInitializeOnLoad (1ms)
			EditorAssembliesLoaded (0ms)
		ExecutionOrderSort2 (0ms)
		AwakeInstancesAfterBackupRestoration (8ms)
Refreshing native plugins compatible for Editor in 0.72 ms, found 4 plugins.
Preloading 0 native plugins for Editor in 0.00 ms.
Unloading 13 Unused Serialized files (Serialized files now loaded: 0)
Unloading 6739 unused Assets / (3.8 MB). Loaded Objects now: 7574.
Memory consumption went from 159.2 MB to 155.4 MB.
Total: 4.525400 ms (FindLiveObjects: 0.387100 ms CreateObjectMapping: 0.229500 ms MarkObjects: 2.770300 ms  DeleteObjects: 1.138000 ms)

Prepare: number of updated asset objects reloaded= 0
========================================================================
Received Prepare
Refreshing native plugins compatible for Editor in 0.99 ms, found 4 plugins.
Preloading 0 native plugins for Editor in 0.00 ms.
Unloading 13 Unused Serialized files (Serialized files now loaded: 0)
Unloading 6728 unused Assets / (4.5 MB). Loaded Objects now: 7574.
Memory consumption went from 159.4 MB to 154.9 MB.
Total: 6.008800 ms (FindLiveObjects: 0.480300 ms CreateObjectMapping: 0.330000 ms MarkObjects: 3.608400 ms  DeleteObjects: 1.589500 ms)

Prepare: number of updated asset objects reloaded= 0
========================================================================
Received Prepare
Begin MonoManager ReloadAssembly
- Loaded All Assemblies, in  0.432 seconds
Refreshing native plugins compatible for Editor in 0.64 ms, found 4 plugins.
Native extension for UWP target not found
Native extension for WindowsStandalone target not found
Native extension for WebGL target not found
[Package Manager] Failed to launch server process. Reason: Unity was launched with the -noUpm command-line argument
[Package Manager] Unable to send message (not connected to server process).
[Package Manager] Cannot connect to Unity Package Manager local server
Mono: successfully reloaded assembly
- Finished resetting the current domain, in  0.510 seconds
Domain Reload Profiling: 945ms
	BeginReloadAssembly (129ms)
		ExecutionOrderSort (0ms)
		DisableScriptedObjects (9ms)
		BackupInstance (0ms)
		ReleaseScriptingObjects (0ms)
		CreateAndSetChildDomain (27ms)
	RebuildCommonClasses (21ms)
	RebuildNativeTypeToScriptingClass (8ms)
	initialDomainReloadingComplete (17ms)
	LoadAllAssembliesAndSetupDomain (260ms)
		LoadAssemblies (191ms)
		RebuildTransferFunctionScriptingTraits (0ms)
		AnalyzeDomain (125ms)
			TypeCache.Refresh (7ms)
				TypeCache.ScanAssembly (0ms)
			BuildScriptInfoCaches (108ms)
			ResolveRequiredComponents (7ms)
	FinalizeReload (510ms)
		ReleaseScriptCaches (0ms)
		RebuildScriptCaches (0ms)
		SetupLoadedEditorAssemblies (418ms)
			LogAssemblyErrors (0ms)
			InitializePlatformSupportModulesInManaged (3ms)
			SetLoadedEditorAssemblies (4ms)
			BeforeProcessingInitializeOnLoad (77ms)
			ProcessInitializeOnLoadAttributes (292ms)
			ProcessInitializeOnLoadMethodAttributes (41ms)
			AfterProcessingInitializeOnLoad (1ms)
			EditorAssembliesLoaded (0ms)
		ExecutionOrderSort2 (0ms)
		AwakeInstancesAfterBackupRestoration (9ms)
Refreshing native plugins compatible for Editor in 0.75 ms, found 4 plugins.
Preloading 0 native plugins for Editor in 0.00 ms.
Unloading 13 Unused Serialized files (Serialized files now loaded: 0)
Unloading 6739 unused Assets / (3.6 MB). Loaded Objects now: 7577.
Memory consumption went from 159.2 MB to 155.6 MB.
Total: 5.380600 ms (FindLiveObjects: 0.438800 ms CreateObjectMapping: 0.227400 ms MarkObjects: 3.479300 ms  DeleteObjects: 1.234400 ms)

Prepare: number of updated asset objects reloaded= 0
========================================================================
Received Prepare
Refreshing native plugins compatible for Editor in 0.79 ms, found 4 plugins.
Preloading 0 native plugins for Editor in 0.00 ms.
Unloading 13 Unused Serialized files (Serialized files now loaded: 0)
Unloading 6728 unused Assets / (4.1 MB). Loaded Objects now: 7577.
Memory consumption went from 159.4 MB to 155.2 MB.
Total: 7.555600 ms (FindLiveObjects: 0.728200 ms CreateObjectMapping: 0.310200 ms MarkObjects: 4.520300 ms  DeleteObjects: 1.995900 ms)

Prepare: number of updated asset objects reloaded= 0
========================================================================
Received Prepare
Begin MonoManager ReloadAssembly
- Loaded All Assemblies, in  0.464 seconds
Refreshing native plugins compatible for Editor in 0.62 ms, found 4 plugins.
Native extension for UWP target not found
Native extension for WindowsStandalone target not found
Native extension for WebGL target not found
[Package Manager] Failed to launch server process. Reason: Unity was launched with the -noUpm command-line argument
[Package Manager] Unable to send message (not connected to server process).
[Package Manager] Cannot connect to Unity Package Manager local server
Mono: successfully reloaded assembly
- Finished resetting the current domain, in  0.449 seconds
Domain Reload Profiling: 915ms
	BeginReloadAssembly (150ms)
		ExecutionOrderSort (0ms)
		DisableScriptedObjects (8ms)
		BackupInstance (0ms)
		ReleaseScriptingObjects (0ms)
		CreateAndSetChildDomain (33ms)
	RebuildCommonClasses (26ms)
	RebuildNativeTypeToScriptingClass (8ms)
	initialDomainReloadingComplete (18ms)
	LoadAllAssembliesAndSetupDomain (264ms)
		LoadAssemblies (206ms)
		RebuildTransferFunctionScriptingTraits (0ms)
		AnalyzeDomain (128ms)
			TypeCache.Refresh (7ms)
				TypeCache.ScanAssembly (0ms)
			BuildScriptInfoCaches (109ms)
			ResolveRequiredComponents (9ms)
	FinalizeReload (450ms)
		ReleaseScriptCaches (0ms)
		RebuildScriptCaches (0ms)
		SetupLoadedEditorAssemblies (356ms)
			LogAssemblyErrors (0ms)
			InitializePlatformSupportModulesInManaged (3ms)
			SetLoadedEditorAssemblies (3ms)
			BeforeProcessingInitializeOnLoad (71ms)
			ProcessInitializeOnLoadAttributes (244ms)
			ProcessInitializeOnLoadMethodAttributes (33ms)
			AfterProcessingInitializeOnLoad (1ms)
			EditorAssembliesLoaded (0ms)
		ExecutionOrderSort2 (0ms)
		AwakeInstancesAfterBackupRestoration (8ms)
Refreshing native plugins compatible for Editor in 0.73 ms, found 4 plugins.
Preloading 0 native plugins for Editor in 0.00 ms.
Unloading 13 Unused Serialized files (Serialized files now loaded: 0)
Unloading 6739 unused Assets / (4.5 MB). Loaded Objects now: 7580.
Memory consumption went from 159.3 MB to 154.8 MB.
Total: 4.974200 ms (FindLiveObjects: 0.363600 ms CreateObjectMapping: 0.225100 ms MarkObjects: 2.780800 ms  DeleteObjects: 1.604100 ms)

Prepare: number of updated asset objects reloaded= 0
========================================================================
Received Prepare
Refreshing native plugins compatible for Editor in 0.73 ms, found 4 plugins.
Preloading 0 native plugins for Editor in 0.00 ms.
Unloading 13 Unused Serialized files (Serialized files now loaded: 0)
Unloading 6728 unused Assets / (3.6 MB). Loaded Objects now: 7580.
Memory consumption went from 159.5 MB to 155.8 MB.
Total: 4.649900 ms (FindLiveObjects: 0.413300 ms CreateObjectMapping: 0.237900 ms MarkObjects: 2.826700 ms  DeleteObjects: 1.171300 ms)

Prepare: number of updated asset objects reloaded= 0
========================================================================
Received Prepare
Begin MonoManager ReloadAssembly
- Loaded All Assemblies, in  0.428 seconds
Refreshing native plugins compatible for Editor in 0.87 ms, found 4 plugins.
Native extension for UWP target not found
Native extension for WindowsStandalone target not found
Native extension for WebGL target not found
[Package Manager] Failed to launch server process. Reason: Unity was launched with the -noUpm command-line argument
[Package Manager] Unable to send message (not connected to server process).
[Package Manager] Cannot connect to Unity Package Manager local server
Mono: successfully reloaded assembly
- Finished resetting the current domain, in  0.444 seconds
Domain Reload Profiling: 874ms
	BeginReloadAssembly (123ms)
		ExecutionOrderSort (0ms)
		DisableScriptedObjects (8ms)
		BackupInstance (0ms)
		ReleaseScriptingObjects (0ms)
		CreateAndSetChildDomain (26ms)
	RebuildCommonClasses (21ms)
	RebuildNativeTypeToScriptingClass (8ms)
	initialDomainReloadingComplete (17ms)
	LoadAllAssembliesAndSetupDomain (261ms)
		LoadAssemblies (184ms)
		RebuildTransferFunctionScriptingTraits (0ms)
		AnalyzeDomain (129ms)
			TypeCache.Refresh (7ms)
				TypeCache.ScanAssembly (0ms)
			BuildScriptInfoCaches (112ms)
			ResolveRequiredComponents (7ms)
	FinalizeReload (444ms)
		ReleaseScriptCaches (0ms)
		RebuildScriptCaches (0ms)
		SetupLoadedEditorAssemblies (349ms)
			LogAssemblyErrors (0ms)
			InitializePlatformSupportModulesInManaged (2ms)
			SetLoadedEditorAssemblies (3ms)
			BeforeProcessingInitializeOnLoad (72ms)
			ProcessInitializeOnLoadAttributes (227ms)
			ProcessInitializeOnLoadMethodAttributes (43ms)
			AfterProcessingInitializeOnLoad (1ms)
			EditorAssembliesLoaded (0ms)
		ExecutionOrderSort2 (0ms)
		AwakeInstancesAfterBackupRestoration (8ms)
Refreshing native plugins compatible for Editor in 0.74 ms, found 4 plugins.
Preloading 0 native plugins for Editor in 0.00 ms.
Unloading 13 Unused Serialized files (Serialized files now loaded: 0)
Unloading 6739 unused Assets / (3.9 MB). Loaded Objects now: 7583.
Memory consumption went from 159.3 MB to 155.4 MB.
Total: 4.609700 ms (FindLiveObjects: 0.384000 ms CreateObjectMapping: 0.222500 ms MarkObjects: 2.809600 ms  DeleteObjects: 1.192900 ms)

Prepare: number of updated asset objects reloaded= 0
========================================================================
Received Prepare
Refreshing native plugins compatible for Editor in 0.77 ms, found 4 plugins.
Preloading 0 native plugins for Editor in 0.00 ms.
Unloading 13 Unused Serialized files (Serialized files now loaded: 0)
Unloading 6728 unused Assets / (3.7 MB). Loaded Objects now: 7583.
Memory consumption went from 159.5 MB to 155.8 MB.
Total: 5.973000 ms (FindLiveObjects: 0.397600 ms CreateObjectMapping: 0.277800 ms MarkObjects: 3.727500 ms  DeleteObjects: 1.569100 ms)

Prepare: number of updated asset objects reloaded= 0
========================================================================
Received Prepare
Begin MonoManager ReloadAssembly
- Loaded All Assemblies, in  0.535 seconds
Refreshing native plugins compatible for Editor in 1.92 ms, found 4 plugins.
Native extension for UWP target not found
Native extension for WindowsStandalone target not found
Native extension for WebGL target not found
[Package Manager] Failed to launch server process. Reason: Unity was launched with the -noUpm command-line argument
[Package Manager] Unable to send message (not connected to server process).
[Package Manager] Cannot connect to Unity Package Manager local server
Mono: successfully reloaded assembly
- Finished resetting the current domain, in  0.484 seconds
Domain Reload Profiling: 1022ms
	BeginReloadAssembly (140ms)
		ExecutionOrderSort (0ms)
		DisableScriptedObjects (9ms)
		BackupInstance (0ms)
		ReleaseScriptingObjects (0ms)
		CreateAndSetChildDomain (31ms)
	RebuildCommonClasses (21ms)
	RebuildNativeTypeToScriptingClass (8ms)
	initialDomainReloadingComplete (15ms)
	LoadAllAssembliesAndSetupDomain (355ms)
		LoadAssemblies (213ms)
		RebuildTransferFunctionScriptingTraits (0ms)
		AnalyzeDomain (202ms)
			TypeCache.Refresh (8ms)
				TypeCache.ScanAssembly (1ms)
			BuildScriptInfoCaches (178ms)
			ResolveRequiredComponents (12ms)
	FinalizeReload (484ms)
		ReleaseScriptCaches (0ms)
		RebuildScriptCaches (0ms)
		SetupLoadedEditorAssemblies (336ms)
			LogAssemblyErrors (0ms)
			InitializePlatformSupportModulesInManaged (2ms)
			SetLoadedEditorAssemblies (6ms)
			BeforeProcessingInitializeOnLoad (76ms)
			ProcessInitializeOnLoadAttributes (219ms)
			ProcessInitializeOnLoadMethodAttributes (32ms)
			AfterProcessingInitializeOnLoad (1ms)
			EditorAssembliesLoaded (0ms)
		ExecutionOrderSort2 (0ms)
		AwakeInstancesAfterBackupRestoration (10ms)
Refreshing native plugins compatible for Editor in 1.12 ms, found 4 plugins.
Preloading 0 native plugins for Editor in 0.00 ms.
Unloading 13 Unused Serialized files (Serialized files now loaded: 0)
Unloading 6739 unused Assets / (4.0 MB). Loaded Objects now: 7586.
Memory consumption went from 159.4 MB to 155.4 MB.
Total: 5.165700 ms (FindLiveObjects: 0.372100 ms CreateObjectMapping: 0.214200 ms MarkObjects: 2.756500 ms  DeleteObjects: 1.822100 ms)

Prepare: number of updated asset objects reloaded= 0
========================================================================
Received Prepare
Refreshing native plugins compatible for Editor in 0.73 ms, found 4 plugins.
Preloading 0 native plugins for Editor in 0.00 ms.
Unloading 13 Unused Serialized files (Serialized files now loaded: 0)
Unloading 6728 unused Assets / (3.9 MB). Loaded Objects now: 7586.
Memory consumption went from 159.6 MB to 155.7 MB.
Total: 4.870200 ms (FindLiveObjects: 0.380800 ms CreateObjectMapping: 0.236600 ms MarkObjects: 3.126600 ms  DeleteObjects: 1.125500 ms)

Prepare: number of updated asset objects reloaded= 0
========================================================================
Received Prepare
Begin MonoManager ReloadAssembly
- Loaded All Assemblies, in  0.785 seconds
Refreshing native plugins compatible for Editor in 2.17 ms, found 4 plugins.
Native extension for UWP target not found
Native extension for WindowsStandalone target not found
Native extension for WebGL target not found
[Package Manager] Failed to launch server process. Reason: Unity was launched with the -noUpm command-line argument
[Package Manager] Unable to send message (not connected to server process).
[Package Manager] Cannot connect to Unity Package Manager local server
Mono: successfully reloaded assembly
- Finished resetting the current domain, in  0.809 seconds
Domain Reload Profiling: 1598ms
	BeginReloadAssembly (222ms)
		ExecutionOrderSort (0ms)
		DisableScriptedObjects (15ms)
		BackupInstance (0ms)
		ReleaseScriptingObjects (0ms)
		CreateAndSetChildDomain (47ms)
	RebuildCommonClasses (36ms)
	RebuildNativeTypeToScriptingClass (14ms)
	initialDomainReloadingComplete (29ms)
	LoadAllAssembliesAndSetupDomain (487ms)
		LoadAssemblies (365ms)
		RebuildTransferFunctionScriptingTraits (0ms)
		AnalyzeDomain (228ms)
			TypeCache.Refresh (12ms)
				TypeCache.ScanAssembly (1ms)
			BuildScriptInfoCaches (200ms)
			ResolveRequiredComponents (12ms)
	FinalizeReload (810ms)
		ReleaseScriptCaches (0ms)
		RebuildScriptCaches (0ms)
		SetupLoadedEditorAssemblies (643ms)
			LogAssemblyErrors (0ms)
			InitializePlatformSupportModulesInManaged (3ms)
			SetLoadedEditorAssemblies (8ms)
			BeforeProcessingInitializeOnLoad (149ms)
			ProcessInitializeOnLoadAttributes (416ms)
			ProcessInitializeOnLoadMethodAttributes (65ms)
			AfterProcessingInitializeOnLoad (2ms)
			EditorAssembliesLoaded (0ms)
		ExecutionOrderSort2 (0ms)
		AwakeInstancesAfterBackupRestoration (15ms)
Refreshing native plugins compatible for Editor in 1.98 ms, found 4 plugins.
Preloading 0 native plugins for Editor in 0.00 ms.
Unloading 13 Unused Serialized files (Serialized files now loaded: 0)
Unloading 6739 unused Assets / (3.0 MB). Loaded Objects now: 7589.
Memory consumption went from 159.4 MB to 156.4 MB.
Total: 7.767900 ms (FindLiveObjects: 0.808400 ms CreateObjectMapping: 0.358000 ms MarkObjects: 4.978200 ms  DeleteObjects: 1.622400 ms)

Prepare: number of updated asset objects reloaded= 0
========================================================================
Received Prepare
Refreshing native plugins compatible for Editor in 1.83 ms, found 4 plugins.
Preloading 0 native plugins for Editor in 0.00 ms.
Unloading 13 Unused Serialized files (Serialized files now loaded: 0)
Unloading 6728 unused Assets / (2.9 MB). Loaded Objects now: 7589.
Memory consumption went from 159.6 MB to 156.7 MB.
Total: 7.908700 ms (FindLiveObjects: 0.761400 ms CreateObjectMapping: 0.354000 ms MarkObjects: 5.148600 ms  DeleteObjects: 1.643800 ms)

Prepare: number of updated asset objects reloaded= 0
========================================================================
Received Prepare
Begin MonoManager ReloadAssembly
- Loaded All Assemblies, in  0.788 seconds
Refreshing native plugins compatible for Editor in 2.19 ms, found 4 plugins.
Native extension for UWP target not found
Native extension for WindowsStandalone target not found
Native extension for WebGL target not found
[Package Manager] Failed to launch server process. Reason: Unity was launched with the -noUpm command-line argument
[Package Manager] Unable to send message (not connected to server process).
[Package Manager] Cannot connect to Unity Package Manager local server
Mono: successfully reloaded assembly
- Finished resetting the current domain, in  0.803 seconds
Domain Reload Profiling: 1593ms
	BeginReloadAssembly (229ms)
		ExecutionOrderSort (0ms)
		DisableScriptedObjects (15ms)
		BackupInstance (0ms)
		ReleaseScriptingObjects (0ms)
		CreateAndSetChildDomain (49ms)
	RebuildCommonClasses (36ms)
	RebuildNativeTypeToScriptingClass (14ms)
	initialDomainReloadingComplete (29ms)
	LoadAllAssembliesAndSetupDomain (480ms)
		LoadAssemblies (360ms)
		RebuildTransferFunctionScriptingTraits (0ms)
		AnalyzeDomain (228ms)
			TypeCache.Refresh (12ms)
				TypeCache.ScanAssembly (1ms)
			BuildScriptInfoCaches (199ms)
			ResolveRequiredComponents (13ms)
	FinalizeReload (804ms)
		ReleaseScriptCaches (0ms)
		RebuildScriptCaches (0ms)
		SetupLoadedEditorAssemblies (641ms)
			LogAssemblyErrors (0ms)
			InitializePlatformSupportModulesInManaged (3ms)
			SetLoadedEditorAssemblies (6ms)
			BeforeProcessingInitializeOnLoad (149ms)
			ProcessInitializeOnLoadAttributes (413ms)
			ProcessInitializeOnLoadMethodAttributes (69ms)
			AfterProcessingInitializeOnLoad (2ms)
			EditorAssembliesLoaded (0ms)
		ExecutionOrderSort2 (0ms)
		AwakeInstancesAfterBackupRestoration (15ms)
Refreshing native plugins compatible for Editor in 1.61 ms, found 4 plugins.
Preloading 0 native plugins for Editor in 0.00 ms.
Unloading 13 Unused Serialized files (Serialized files now loaded: 0)
Unloading 6739 unused Assets / (2.8 MB). Loaded Objects now: 7592.
Memory consumption went from 159.5 MB to 156.7 MB.
Total: 7.282100 ms (FindLiveObjects: 0.729300 ms CreateObjectMapping: 0.356200 ms MarkObjects: 4.493100 ms  DeleteObjects: 1.702700 ms)

Prepare: number of updated asset objects reloaded= 0
========================================================================
Received Prepare
Refreshing native plugins compatible for Editor in 1.89 ms, found 4 plugins.
Preloading 0 native plugins for Editor in 0.00 ms.
Unloading 13 Unused Serialized files (Serialized files now loaded: 0)
Unloading 6728 unused Assets / (3.6 MB). Loaded Objects now: 7592.
Memory consumption went from 159.6 MB to 156.0 MB.
Total: 9.638600 ms (FindLiveObjects: 0.736900 ms CreateObjectMapping: 0.347800 ms MarkObjects: 6.449900 ms  DeleteObjects: 2.103100 ms)

Prepare: number of updated asset objects reloaded= 0
========================================================================
Received Prepare
Begin MonoManager ReloadAssembly
- Loaded All Assemblies, in  0.789 seconds
Refreshing native plugins compatible for Editor in 2.22 ms, found 4 plugins.
Native extension for UWP target not found
Native extension for WindowsStandalone target not found
Native extension for WebGL target not found
[Package Manager] Failed to launch server process. Reason: Unity was launched with the -noUpm command-line argument
[Package Manager] Unable to send message (not connected to server process).
[Package Manager] Cannot connect to Unity Package Manager local server
Mono: successfully reloaded assembly
- Finished resetting the current domain, in  0.809 seconds
Domain Reload Profiling: 1601ms
	BeginReloadAssembly (224ms)
		ExecutionOrderSort (0ms)
		DisableScriptedObjects (15ms)
		BackupInstance (0ms)
		ReleaseScriptingObjects (0ms)
		CreateAndSetChildDomain (48ms)
	RebuildCommonClasses (36ms)
	RebuildNativeTypeToScriptingClass (14ms)
	initialDomainReloadingComplete (29ms)
	LoadAllAssembliesAndSetupDomain (488ms)
		LoadAssemblies (367ms)
		RebuildTransferFunctionScriptingTraits (0ms)
		AnalyzeDomain (227ms)
			TypeCache.Refresh (13ms)
				TypeCache.ScanAssembly (1ms)
			BuildScriptInfoCaches (198ms)
			ResolveRequiredComponents (12ms)
	FinalizeReload (810ms)
		ReleaseScriptCaches (0ms)
		RebuildScriptCaches (0ms)
		SetupLoadedEditorAssemblies (643ms)
			LogAssemblyErrors (0ms)
			InitializePlatformSupportModulesInManaged (3ms)
			SetLoadedEditorAssemblies (7ms)
			BeforeProcessingInitializeOnLoad (148ms)
			ProcessInitializeOnLoadAttributes (409ms)
			ProcessInitializeOnLoadMethodAttributes (74ms)
			AfterProcessingInitializeOnLoad (2ms)
			EditorAssembliesLoaded (0ms)
		ExecutionOrderSort2 (0ms)
		AwakeInstancesAfterBackupRestoration (15ms)
Refreshing native plugins compatible for Editor in 1.82 ms, found 4 plugins.
Preloading 0 native plugins for Editor in 0.00 ms.
Unloading 13 Unused Serialized files (Serialized files now loaded: 0)
Unloading 6739 unused Assets / (2.5 MB). Loaded Objects now: 7595.
Memory consumption went from 159.5 MB to 157.0 MB.
Total: 7.493800 ms (FindLiveObjects: 0.853500 ms CreateObjectMapping: 0.548100 ms MarkObjects: 4.545000 ms  DeleteObjects: 1.546400 ms)

Prepare: number of updated asset objects reloaded= 0
========================================================================
Received Prepare
Refreshing native plugins compatible for Editor in 1.64 ms, found 4 plugins.
Preloading 0 native plugins for Editor in 0.00 ms.
Unloading 13 Unused Serialized files (Serialized files now loaded: 0)
Unloading 6728 unused Assets / (3.6 MB). Loaded Objects now: 7595.
Memory consumption went from 159.7 MB to 156.0 MB.
Total: 8.268400 ms (FindLiveObjects: 0.728200 ms CreateObjectMapping: 0.405700 ms MarkObjects: 5.251700 ms  DeleteObjects: 1.882100 ms)

Prepare: number of updated asset objects reloaded= 0
========================================================================
Received Import Request.
  Time since last request: 732.490425 seconds.
  path: Assets/Scripts/LoopBackground.cs
  artifactKey: Guid(214a24d32fdbd31449ceb18b43ee66c6) Importer(815301076,1909f56bfc062723c751e8b465ee728b)
Start importing Assets/Scripts/LoopBackground.cs using Guid(214a24d32fdbd31449ceb18b43ee66c6) Importer(815301076,1909f56bfc062723c751e8b465ee728b) (PreviewImporter) -> (artifact id: '73858360844de11877016a74b4f51a6b') in 0.1888872 seconds
Number of updated asset objects reloaded before import = 0Number of asset objects unloaded after import = 0

========================================================================
Received Prepare
Begin MonoManager ReloadAssembly
- Loaded All Assemblies, in  0.815 seconds
Refreshing native plugins compatible for Editor in 1.27 ms, found 4 plugins.
Native extension for UWP target not found
Native extension for WindowsStandalone target not found
Native extension for WebGL target not found
[Package Manager] Failed to launch server process. Reason: Unity was launched with the -noUpm command-line argument
[Package Manager] Unable to send message (not connected to server process).
[Package Manager] Cannot connect to Unity Package Manager local server
Mono: successfully reloaded assembly
- Finished resetting the current domain, in  0.819 seconds
Domain Reload Profiling: 1636ms
	BeginReloadAssembly (243ms)
		ExecutionOrderSort (0ms)
		DisableScriptedObjects (16ms)
		BackupInstance (0ms)
		ReleaseScriptingObjects (0ms)
		CreateAndSetChildDomain (61ms)
	RebuildCommonClasses (40ms)
	RebuildNativeTypeToScriptingClass (15ms)
	initialDomainReloadingComplete (27ms)
	LoadAllAssembliesAndSetupDomain (492ms)
		LoadAssemblies (376ms)
		RebuildTransferFunctionScriptingTraits (0ms)
		AnalyzeDomain (226ms)
			TypeCache.Refresh (11ms)
				TypeCache.ScanAssembly (1ms)
			BuildScriptInfoCaches (199ms)
			ResolveRequiredComponents (12ms)
	FinalizeReload (820ms)
		ReleaseScriptCaches (0ms)
		RebuildScriptCaches (0ms)
		SetupLoadedEditorAssemblies (653ms)
			LogAssemblyErrors (0ms)
			InitializePlatformSupportModulesInManaged (3ms)
			SetLoadedEditorAssemblies (5ms)
			BeforeProcessingInitializeOnLoad (161ms)
			ProcessInitializeOnLoadAttributes (417ms)
			ProcessInitializeOnLoadMethodAttributes (64ms)
			AfterProcessingInitializeOnLoad (2ms)
			EditorAssembliesLoaded (0ms)
		ExecutionOrderSort2 (0ms)
		AwakeInstancesAfterBackupRestoration (15ms)
Refreshing native plugins compatible for Editor in 2.01 ms, found 4 plugins.
Preloading 0 native plugins for Editor in 0.00 ms.
Unloading 13 Unused Serialized files (Serialized files now loaded: 0)
Unloading 6739 unused Assets / (2.9 MB). Loaded Objects now: 7598.
Memory consumption went from 159.6 MB to 156.6 MB.
Total: 8.027400 ms (FindLiveObjects: 0.830500 ms CreateObjectMapping: 0.366200 ms MarkObjects: 5.176500 ms  DeleteObjects: 1.653300 ms)

Prepare: number of updated asset objects reloaded= 0
========================================================================
Received Prepare
Refreshing native plugins compatible for Editor in 1.61 ms, found 4 plugins.
Preloading 0 native plugins for Editor in 0.00 ms.
Unloading 13 Unused Serialized files (Serialized files now loaded: 0)
Unloading 6728 unused Assets / (3.6 MB). Loaded Objects now: 7598.
Memory consumption went from 159.7 MB to 156.1 MB.
Total: 8.094200 ms (FindLiveObjects: 0.718500 ms CreateObjectMapping: 0.392500 ms MarkObjects: 5.193400 ms  DeleteObjects: 1.788900 ms)

Prepare: number of updated asset objects reloaded= 0
========================================================================
Received Prepare
Begin MonoManager ReloadAssembly
- Loaded All Assemblies, in  0.856 seconds
Refreshing native plugins compatible for Editor in 1.36 ms, found 4 plugins.
Native extension for UWP target not found
Native extension for WindowsStandalone target not found
Native extension for WebGL target not found
[Package Manager] Failed to launch server process. Reason: Unity was launched with the -noUpm command-line argument
[Package Manager] Unable to send message (not connected to server process).
[Package Manager] Cannot connect to Unity Package Manager local server
Mono: successfully reloaded assembly
- Finished resetting the current domain, in  0.833 seconds
Domain Reload Profiling: 1692ms
	BeginReloadAssembly (224ms)
		ExecutionOrderSort (0ms)
		DisableScriptedObjects (15ms)
		BackupInstance (0ms)
		ReleaseScriptingObjects (0ms)
		CreateAndSetChildDomain (50ms)
	RebuildCommonClasses (38ms)
	RebuildNativeTypeToScriptingClass (14ms)
	initialDomainReloadingComplete (28ms)
	LoadAllAssembliesAndSetupDomain (554ms)
		LoadAssemblies (433ms)
		RebuildTransferFunctionScriptingTraits (0ms)
		AnalyzeDomain (232ms)
			TypeCache.Refresh (12ms)
				TypeCache.ScanAssembly (1ms)
			BuildScriptInfoCaches (203ms)
			ResolveRequiredComponents (13ms)
	FinalizeReload (834ms)
		ReleaseScriptCaches (0ms)
		RebuildScriptCaches (0ms)
		SetupLoadedEditorAssemblies (654ms)
			LogAssemblyErrors (0ms)
			InitializePlatformSupportModulesInManaged (3ms)
			SetLoadedEditorAssemblies (9ms)
			BeforeProcessingInitializeOnLoad (153ms)
			ProcessInitializeOnLoadAttributes (419ms)
			ProcessInitializeOnLoadMethodAttributes (66ms)
			AfterProcessingInitializeOnLoad (2ms)
			EditorAssembliesLoaded (0ms)
		ExecutionOrderSort2 (0ms)
		AwakeInstancesAfterBackupRestoration (15ms)
Refreshing native plugins compatible for Editor in 3.43 ms, found 4 plugins.
Preloading 0 native plugins for Editor in 0.00 ms.
Unloading 13 Unused Serialized files (Serialized files now loaded: 0)
Unloading 6739 unused Assets / (3.9 MB). Loaded Objects now: 7601.
Memory consumption went from 159.5 MB to 155.6 MB.
Total: 15.110200 ms (FindLiveObjects: 0.790200 ms CreateObjectMapping: 0.754700 ms MarkObjects: 11.598800 ms  DeleteObjects: 1.965400 ms)

Prepare: number of updated asset objects reloaded= 0
========================================================================
Received Prepare
Refreshing native plugins compatible for Editor in 1.70 ms, found 4 plugins.
Preloading 0 native plugins for Editor in 0.00 ms.
Unloading 13 Unused Serialized files (Serialized files now loaded: 0)
Unloading 6728 unused Assets / (3.6 MB). Loaded Objects now: 7601.
Memory consumption went from 159.7 MB to 156.1 MB.
Total: 8.454100 ms (FindLiveObjects: 0.778200 ms CreateObjectMapping: 0.328000 ms MarkObjects: 5.436200 ms  DeleteObjects: 1.910700 ms)

Prepare: number of updated asset objects reloaded= 0
========================================================================
Received Prepare
Begin MonoManager ReloadAssembly
- Loaded All Assemblies, in  0.785 seconds
Refreshing native plugins compatible for Editor in 1.43 ms, found 4 plugins.
Native extension for UWP target not found
Native extension for WindowsStandalone target not found
Native extension for WebGL target not found
[Package Manager] Failed to launch server process. Reason: Unity was launched with the -noUpm command-line argument
[Package Manager] Unable to send message (not connected to server process).
[Package Manager] Cannot connect to Unity Package Manager local server
Mono: successfully reloaded assembly
- Finished resetting the current domain, in  0.819 seconds
Domain Reload Profiling: 1606ms
	BeginReloadAssembly (227ms)
		ExecutionOrderSort (0ms)
		DisableScriptedObjects (16ms)
		BackupInstance (0ms)
		ReleaseScriptingObjects (0ms)
		CreateAndSetChildDomain (48ms)
	RebuildCommonClasses (41ms)
	RebuildNativeTypeToScriptingClass (14ms)
	initialDomainReloadingComplete (25ms)
	LoadAllAssembliesAndSetupDomain (480ms)
		LoadAssemblies (359ms)
		RebuildTransferFunctionScriptingTraits (0ms)
		AnalyzeDomain (230ms)
			TypeCache.Refresh (14ms)
				TypeCache.ScanAssembly (1ms)
			BuildScriptInfoCaches (200ms)
			ResolveRequiredComponents (12ms)
	FinalizeReload (819ms)
		ReleaseScriptCaches (0ms)
		RebuildScriptCaches (0ms)
		SetupLoadedEditorAssemblies (649ms)
			LogAssemblyErrors (0ms)
			InitializePlatformSupportModulesInManaged (4ms)
			SetLoadedEditorAssemblies (6ms)
			BeforeProcessingInitializeOnLoad (155ms)
			ProcessInitializeOnLoadAttributes (411ms)
			ProcessInitializeOnLoadMethodAttributes (71ms)
			AfterProcessingInitializeOnLoad (2ms)
			EditorAssembliesLoaded (0ms)
		ExecutionOrderSort2 (0ms)
		AwakeInstancesAfterBackupRestoration (16ms)
Refreshing native plugins compatible for Editor in 1.41 ms, found 4 plugins.
Preloading 0 native plugins for Editor in 0.00 ms.
Unloading 13 Unused Serialized files (Serialized files now loaded: 0)
Unloading 6739 unused Assets / (2.9 MB). Loaded Objects now: 7604.
Memory consumption went from 159.6 MB to 156.7 MB.
Total: 7.004300 ms (FindLiveObjects: 0.699400 ms CreateObjectMapping: 0.294900 ms MarkObjects: 4.481000 ms  DeleteObjects: 1.528200 ms)

Prepare: number of updated asset objects reloaded= 0
